family,regime,knob,value,sigma_equiv,mean_ringL1,max_ringL1,ringL1_T0,ringL1_T1,ringL1_T2,ringL1_T3,ringL1_T4,ringL1_T5
K1,band,k_cut,500.0,0.002,0.02119247620766106,0.040106951871657755,0.02696629213483146,0.013157894736842105,0.024498886414253896,0.014044943820224719,0.008379888268156424,0.040106951871657755
K1,band,k_cut,333.0,0.003003003003003003,0.22132114936234348,0.3574561403508772,0.25842696629213485,0.3574561403508772,0.3184855233853007,0.008426966292134831,0.18994413407821228,0.19518716577540107
K1,band,k_cut,250.0,0.004,0.10930517296893728,0.28212290502793297,0.0044943820224719105,0.06140350877192982,0.0378619153674833,0.05337078651685393,0.28212290502793297,0.21657754010695188
K1,band,k_cut,200.0,0.005,2.5263727727998186,3.0,2.703370786516854,3.0,2.750556792873051,2.3707865168539324,2.2960893854748603,2.037433155080214
K1,band,k_cut,167.0,0.005988023952095809,1.844027807897792,2.0153508771929824,1.946067415730337,2.0153508771929824,1.9910913140311803,1.7780898876404494,1.73463687150838,1.5989304812834224
K1,band,k_cut,125.0,0.008,1.4539076774282211,1.6741573033707866,1.6741573033707866,1.4714912280701755,1.5612472160356348,1.3876404494382022,1.388268156424581,1.2406417112299466
K1,band,k_cut,100.0,0.01,1.2599568774841368,1.355056179775281,1.355056179775281,1.3486842105263157,1.311804008908686,1.2668539325842696,1.170391061452514,1.106951871657754
K1,band,k_cut,67.0,0.014925373134328358,1.1161919118956167,1.1951754385964912,1.152808988764045,1.1951754385964912,1.1670378619153674,1.101123595505618,1.0810055865921788,1.0
K1,band,k_cut,50.0,0.02,1.0317709985808832,1.0629213483146067,1.0629213483146067,1.0592105263157894,1.0489977728285078,1.0112359550561798,1.005586592178771,1.0026737967914439
K1,band,k_cut,33.0,0.030303030303030304,1.0119203253560947,1.042316258351893,1.0269662921348315,1.013157894736842,1.042316258351893,1.002808988764045,0.9916201117318436,0.9946524064171123
K1,band,k_cut,20.0,0.05,1.0022392821426165,1.006578947368421,1.0044943820224719,1.006578947368421,1.0022271714922049,1.002808988764045,1.0,0.9973262032085561
K1,wide,k_cut,20.0,0.05,1.0022392821426165,1.006578947368421,1.0044943820224719,1.006578947368421,1.0022271714922049,1.002808988764045,1.0,0.9973262032085561
K1,wide,k_cut,30.0,0.03333333333333333,1.0065846410650103,1.0157303370786517,1.0157303370786517,1.0109649122807018,1.0155902004454342,1.002808988764045,0.994413407821229,1.0
K1,wide,k_cut,33.0,0.030303030303030304,1.0119203253560947,1.042316258351893,1.0269662921348315,1.013157894736842,1.042316258351893,1.002808988764045,0.9916201117318436,0.9946524064171123
K1,wide,k_cut,40.0,0.025,1.020372910846652,1.037280701754386,1.0337078651685394,1.037280701754386,1.0311804008908685,1.0280898876404494,1.0,0.9919786096256684
K1,wide,k_cut,50.0,0.02,1.0317709985808832,1.0629213483146067,1.0629213483146067,1.0592105263157894,1.0489977728285078,1.0112359550561798,1.005586592178771,1.0026737967914439
K1,wide,k_cut,60.0,0.016666666666666666,1.072428026471839,1.1271929824561404,1.1258426966292134,1.1271929824561404,1.1046770601336302,1.0646067415730338,1.0363128491620113,0.9759358288770054
K1,wide,k_cut,67.0,0.014925373134328358,1.1161919118956167,1.1951754385964912,1.152808988764045,1.1951754385964912,1.1670378619153674,1.101123595505618,1.0810055865921788,1.0
K1,wide,k_cut,70.0,0.014285714285714285,1.1211489053451287,1.1820175438596492,1.1707865168539326,1.1820175438596492,1.1514476614699332,1.1095505617977528,1.0810055865921788,1.032085561497326
K1,wide,k_cut,80.0,0.0125,1.1497476235546455,1.2584269662921348,1.2584269662921348,1.236842105263158,1.21826280623608,1.1067415730337078,1.0782122905027933,1.0
K1,wide,k_cut,90.0,0.011111111111111112,1.2238459768053498,1.334075723830735,1.2853932584269663,1.3179824561403508,1.334075723830735,1.1629213483146068,1.1731843575418994,1.0695187165775402
K1,wide,k_cut,100.0,0.01,1.2599568774841368,1.355056179775281,1.355056179775281,1.3486842105263157,1.311804008908686,1.2668539325842696,1.170391061452514,1.106951871657754
K1,wide,k_cut,110.0,0.00909090909090909,1.3126842936195675,1.4337078651685393,1.4337078651685393,1.3596491228070176,1.4097995545657016,1.2921348314606742,1.276536312849162,1.1042780748663101
K1,wide,k_cut,120.0,0.008333333333333333,1.4366671117287941,1.6179775280898876,1.6179775280898876,1.4605263157894737,1.512249443207127,1.396067415730337,1.3631284916201116,1.2700534759358288
K1,wide,k_cut,125.0,0.008,1.4539076774282211,1.6741573033707866,1.6741573033707866,1.4714912280701755,1.5612472160356348,1.3876404494382022,1.388268156424581,1.2406417112299466
K1,wide,k_cut,130.0,0.007692307692307693,1.5055922409464324,1.6674157303370787,1.6674157303370787,1.5570175438596492,1.6124721603563474,1.4887640449438202,1.4217877094972067,1.286096256684492
K1,wide,k_cut,140.0,0.007142857142857143,1.6205643740272233,1.7730337078651686,1.7730337078651686,1.7171052631578947,1.7082405345211582,1.5056179775280898,1.5782122905027933,1.4411764705882353
K1,wide,k_cut,150.0,0.006666666666666667,1.656715451229428,1.8333333333333333,1.6786516853932585,1.8333333333333333,1.7416481069042316,1.5617977528089888,1.606145251396648,1.518716577540107
K1,wide,k_cut,160.0,0.00625,1.7206467831358154,1.8793859649122806,1.746067415730337,1.8793859649122806,1.7928730512249442,1.6797752808988764,1.7150837988826815,1.5106951871657754
K1,wide,k_cut,167.0,0.005988023952095809,1.844027807897792,2.0153508771929824,1.946067415730337,2.0153508771929824,1.9910913140311803,1.7780898876404494,1.73463687150838,1.5989304812834224
K1,wide,k_cut,170.0,0.0058823529411764705,1.8675621888088019,2.1008771929824563,1.9797752808988764,2.1008771929824563,1.975501113585746,1.7584269662921348,1.7597765363128492,1.6310160427807487
K1,wide,k_cut,180.0,0.005555555555555556,2.0863591126311705,2.412280701754386,2.298876404494382,2.412280701754386,2.289532293986637,1.901685393258427,1.893854748603352,1.7219251336898396
K1,wide,k_cut,190.0,0.005263157894736842,2.3420157674406403,2.745614035087719,2.6786516853932585,2.745614035087719,2.6169265033407574,2.103932584269663,2.0754189944134076,1.8315508021390374
K1,wide,k_cut,200.0,0.005,2.5263727727998186,3.0,2.703370786516854,3.0,2.750556792873051,2.3707865168539324,2.2960893854748603,2.037433155080214
K1,wide,k_cut,210.0,0.004761904761904762,1.3910689114522192,2.651685393258427,0.31685393258426964,0.29385964912280704,0.3429844097995546,2.651685393258427,2.6340782122905027,2.106951871657754
K1,wide,k_cut,220.0,0.004545454545454545,1.4131743872622184,2.8707865168539324,0.1101123595505618,0.12719298245614036,0.1759465478841871,2.8707865168539324,2.7458100558659218,2.449197860962567
K1,wide,k_cut,230.0,0.004347826086956522,1.3604349841878662,3.5921787709497206,0.0696629213483146,0.08991228070175439,0.1291759465478842,3.241573033707865,3.5921787709497206,1.0401069518716577
K1,wide,k_cut,240.0,0.004166666666666667,0.1734986580507465,0.40106951871657753,0.006741573033707865,0.09210526315789473,0.07349665924276169,0.19662921348314608,0.2709497206703911,0.40106951871657753
K1,wide,k_cut,250.0,0.004,0.10930517296893728,0.28212290502793297,0.0044943820224719105,0.06140350877192982,0.0378619153674833,0.05337078651685393,0.28212290502793297,0.21657754010695188
K1,wide,k_cut,260.0,0.0038461538461538464,0.10667583651289671,0.25139664804469275,0.015730337078651686,0.06140350877192982,0.0400890868596882,0.08426966292134831,0.25139664804469275,0.18716577540106952
K1,wide,k_cut,270.0,0.003703703703703704,0.09935556244211925,0.20949720670391062,0.0044943820224719105,0.08552631578947369,0.06904231625835189,0.06179775280898876,0.20949720670391062,0.1657754010695187
K1,wide,k_cut,280.0,0.0035714285714285713,0.07727015288207793,0.2011173184357542,0.0044943820224719105,0.0043859649122807015,0.026726057906458798,0.047752808988764044,0.2011173184357542,0.17914438502673796
K1,wide,k_cut,290.0,0.0034482758620689655,0.07256031585907634,0.2011173184357542,0.0044943820224719105,0.019736842105263157,0.0334075723830735,0.0028089887640449437,0.2011173184357542,0.17379679144385027
K1,wide,k_cut,300.0,0.0033333333333333335,0.08182472774647465,0.18156424581005587,0.015730337078651686,0.02631578947368421,0.0935412026726058,0.0,0.18156424581005587,0.17379679144385027
K1,wide,k_cut,310.0,0.0032258064516129032,0.10389017389187795,0.19832402234636873,0.035955056179775284,0.08114035087719298,0.09131403118040089,0.056179775280898875,0.19832402234636873,0.16042780748663102
K1,wide,k_cut,320.0,0.003125,0.17954235130312216,0.3026315789473684,0.1752808988764045,0.3026315789473684,0.2026726057906459,0.02247191011235955,0.18435754189944134,0.18983957219251338
K1,wide,k_cut,330.0,0.0030303030303030303,0.23296500320165267,0.4166666666666667,0.2606741573033708,0.4166666666666667,0.34521158129175944,0.03651685393258427,0.16759776536312848,0.1711229946524064
K1,wide,k_cut,333.0,0.003003003003003003,0.22132114936234348,0.3574561403508772,0.25842696629213485,0.3574561403508772,0.3184855233853007,0.008426966292134831,0.18994413407821228,0.19518716577540107
K1,wide,k_cut,340.0,0.0029411764705882353,0.3737073243954529,0.6557017543859649,0.5573033707865168,0.6557017543859649,0.6369710467706013,0.042134831460674156,0.18435754189944134,0.1657754010695187
K1,wide,k_cut,350.0,0.002857142857142857,0.4586854124833049,0.7303370786516854,0.7303370786516854,0.581140350877193,0.7060133630289532,0.16573033707865167,0.36033519553072624,0.20855614973262032
K1,wide,k_cut,360.0,0.002777777777777778,1.784301460131933,3.3303370786516853,3.3303370786516853,3.2302631578947367,3.2761692650334076,0.2612359550561798,0.3324022346368715,0.27540106951871657
K1,wide,k_cut,370.0,0.002702702702702703,1.2959706343949042,2.492204899777283,2.0584269662921346,2.18640350877193,2.492204899777283,0.15168539325842698,0.4860335195530726,0.40106951871657753
K1,wide,k_cut,380.0,0.002631578947368421,1.0432017982753032,1.8084632516703787,1.4831460674157304,1.4671052631578947,1.8084632516703787,0.3455056179775281,0.6229050279329609,0.5320855614973262
K1,wide,k_cut,390.0,0.002564102564102564,0.8636113557247674,0.9859550561797753,0.8561797752808988,0.8289473684210527,0.8596881959910914,0.9859550561797753,0.9022346368715084,0.7486631016042781
K1,wide,k_cut,400.0,0.0025,1.0628261803004717,1.752808988764045,0.7078651685393258,0.7741228070175439,0.512249443207127,1.752808988764045,1.3491620111731844,1.2807486631016043
K1,wide,k_cut,410.0,0.0024390243902439024,1.3782083496521427,3.125698324022346,0.01348314606741573,0.03508771929824561,0.008908685968819599,2.955056179775281,3.125698324022346,2.1310160427807485
K1,wide,k_cut,420.0,0.002380952380952381,1.5590842132255205,4.061797752808989,0.015730337078651686,0.021929824561403508,0.008908685968819599,4.061797752808989,3.6284916201117317,1.6176470588235294
K1,wide,k_cut,430.0,0.002325581395348837,1.088759634553836,2.8230337078651684,0.0022471910112359553,0.010964912280701754,0.028953229398663696,2.8230337078651684,2.1620111731843576,1.5053475935828877
K1,wide,k_cut,440.0,0.0022727272727272726,0.6231758112934815,1.5561797752808988,0.020224719101123594,0.017543859649122806,0.0066815144766146995,1.5561797752808988,1.1731843575418994,0.9652406417112299
K1,wide,k_cut,450.0,0.0022222222222222222,0.24949357033805253,0.8100558659217877,0.0022471910112359553,0.015350877192982455,0.017817371937639197,0.03651685393258427,0.8100558659217877,0.6149732620320856
K1,wide,k_cut,460.0,0.002173913043478261,0.02039346829523533,0.0374331550802139,0.01348314606741573,0.03289473684210526,0.013363028953229399,0.008426966292134831,0.01675977653631285,0.0374331550802139
K1,wide,k_cut,470.0,0.002127659574468085,0.017964444367709432,0.034759358288770054,0.020224719101123594,0.013157894736842105,0.0200445434298441,0.008426966292134831,0.0111731843575419,0.034759358288770054
K1,wide,k_cut,480.0,0.0020833333333333333,0.018885467883467583,0.03146067415730337,0.03146067415730337,0.013157894736842105,0.011135857461024499,0.016853932584269662,0.013966480446927373,0.026737967914438502
K1,wide,k_cut,490.0,0.0020408163265306124,0.02270570462108355,0.045454545454545456,0.01348314606741573,0.02631578947368421,0.008908685968819599,0.03089887640449438,0.0111731843575419,0.045454545454545456
K1,wide,k_cut,500.0,0.002,0.02119247620766106,0.040106951871657755,0.02696629213483146,0.013157894736842105,0.024498886414253896,0.014044943820224719,0.008379888268156424,0.040106951871657755
K1,wide,k_cut,510.0,0.00196078431372549,0.018381347700825435,0.0374331550802139,0.01348314606741573,0.019736842105263157,0.008908685968819599,0.0,0.030726256983240222,0.0374331550802139
K1,wide,k_cut,520.0,0.0019230769230769232,0.018446418843088452,0.0374331550802139,0.0044943820224719105,0.02850877192982456,0.017817371937639197,0.014044943820224719,0.008379888268156424,0.0374331550802139
K1,wide,k_cut,530.0,0.0018867924528301887,0.021860907100974002,0.0481283422459893,0.024719101123595506,0.019736842105263157,0.013363028953229399,0.014044943820224719,0.0111731843575419,0.0481283422459893
K1,wide,k_cut,540.0,0.001851851851851852,1.1474550571096864,2.4298245614035086,2.3146067415730336,2.4298245614035086,2.044543429844098,0.025280898876404494,0.0223463687150838,0.0481283422459893
K1,wide,k_cut,550.0,0.0018181818181818182,1.0066262667103114,2.084632516703786,1.9235955056179774,1.9473684210526316,2.084632516703786,0.014044943820224719,0.013966480446927373,0.05614973262032086
K1,wide,k_cut,560.0,0.0017857142857142857,1.0267230122255735,2.175946547884187,1.9258426966292135,1.9824561403508771,2.175946547884187,0.0056179775280898875,0.0223463687150838,0.0481283422459893
K1,wide,k_cut,570.0,0.0017543859649122807,1.0751819630404131,2.1842105263157894,2.101123595505618,2.1842105263157894,2.0757238307349666,0.02247191011235955,0.01675977653631285,0.05080213903743316
K1,wide,k_cut,580.0,0.0017241379310344827,1.0607210546334191,2.192982456140351,1.9370786516853933,2.192982456140351,2.1492204899777283,0.02247191011235955,0.025139664804469275,0.0374331550802139
K1,wide,k_cut,590.0,0.001694915254237288,1.0246047578369175,2.0657894736842106,1.9325842696629214,2.0657894736842106,2.0534521158129175,0.033707865168539325,0.013966480446927373,0.0481283422459893
K1,wide,k_cut,600.0,0.0016666666666666668,1.1067228975963137,2.2202247191011235,2.2202247191011235,2.1710526315789473,2.180400890868597,0.025280898876404494,0.013966480446927373,0.029411764705882353
K1,wide,k_cut,610.0,0.001639344262295082,1.6535394149664293,2.432584269662921,2.051685393258427,1.9407894736842106,1.8908685968819599,2.432584269662921,1.5865921787709498,0.01871657754010695
K1,wide,k_cut,620.0,0.0016129032258064516,1.1517738250008953,2.4545454545454546,0.1146067415730337,0.13596491228070176,0.2962138084632517,1.7668539325842696,2.142458100558659,2.4545454545454546
K1,wide,k_cut,630.0,0.0015873015873015873,1.2285900591154872,2.6797752808988764,0.1101123595505618,0.13596491228070176,0.155902004454343,2.6797752808988764,1.7737430167597765,2.516042780748663
K1,wide,k_cut,640.0,0.0015625,0.3226485518213512,1.7967914438502675,0.02696629213483146,0.02631578947368421,0.06904231625835189,0.0028089887640449437,0.013966480446927373,1.7967914438502675
K1,wide,k_cut,650.0,0.0015384615384615385,0.6327152550508406,1.7887700534759359,0.07415730337078652,0.08333333333333333,0.10690423162583519,0.019662921348314606,1.723463687150838,1.7887700534759359
K1,wide,k_cut,660.0,0.0015151515151515152,0.5878418997556434,1.641711229946524,0.10786516853932585,0.09210526315789473,0.07349665924276169,0.025280898876404494,1.5865921787709498,1.641711229946524
K1,wide,k_cut,670.0,0.0014925373134328358,1.072927723708377,2.811797752808989,0.10337078651685393,0.10307017543859649,0.07349665924276169,2.811797752808989,1.5837988826815643,1.7620320855614973
K1,wide,k_cut,680.0,0.0014705882352941176,0.7951207027026727,2.6179775280898876,0.09438202247191012,0.08991228070175439,0.133630289532294,2.6179775280898876,0.013966480446927373,1.820855614973262
K1,wide,k_cut,690.0,0.0014492753623188406,1.3060554978082732,3.4887640449438204,0.0898876404494382,0.13596491228070176,0.25389755011135856,3.4887640449438204,2.0977653631284916,1.7700534759358288
K1,wide,k_cut,700.0,0.0014285714285714286,0.43348155291207924,1.2338530066815145,0.6224719101123596,0.506578947368421,1.2338530066815145,0.12078651685393259,0.11452513966480447,0.00267379679144385
K1,wide,k_cut,710.0,0.0014084507042253522,3.2634006012353,6.555056179775281,6.555056179775281,6.412280701754386,6.403118040089087,0.12359550561797752,0.08100558659217877,0.0053475935828877
K1,wide,k_cut,720.0,0.001388888888888889,3.231632858926819,6.474157303370786,6.474157303370786,6.328947368421052,6.44097995545657,0.10393258426966293,0.03910614525139665,0.00267379679144385
K1,wide,k_cut,730.0,0.0013698630136986301,3.1964906068399475,6.478651685393259,6.478651685393259,6.2785087719298245,6.3184855233853,0.07584269662921349,0.01675977653631285,0.0106951871657754
K1,wide,k_cut,740.0,0.0013513513513513514,0.9542971952313296,3.247216035634744,1.2426966292134831,1.0789473684210527,3.247216035634744,0.13202247191011235,0.019553072625698324,0.0053475935828877
K1,wide,k_cut,750.0,0.0013333333333333333,0.038977060902222055,0.14887640449438203,0.01348314606741573,0.02412280701754386,0.0200445434298441,0.14887640449438203,0.013966480446927373,0.013368983957219251
K1,wide,k_cut,760.0,0.0013157894736842105,0.04173136251828708,0.1797752808988764,0.017977528089887642,0.02412280701754386,0.017817371937639197,0.1797752808988764,0.0,0.0106951871657754
K1,wide,k_cut,770.0,0.0012987012987012987,0.04248690803339481,0.17696629213483145,0.02247191011235955,0.015350877192982455,0.015590200445434299,0.17696629213483145,0.0111731843575419,0.013368983957219251
K1,wide,k_cut,780.0,0.001282051282051282,0.0838020127902626,0.25977653631284914,0.015730337078651686,0.02631578947368421,0.0022271714922048997,0.1853932584269663,0.25977653631284914,0.013368983957219251
K1,wide,k_cut,790.0,0.0012658227848101266,0.3808784342086513,1.6424581005586592,0.024719101123595506,0.021929824561403508,0.0066815144766146995,0.5814606741573034,1.6424581005586592,0.008021390374331552
K1,wide,k_cut,800.0,0.00125,1.0129369714248575,6.002673796791444,0.02247191011235955,0.0021929824561403508,0.022271714922048998,0.014044943820224719,0.013966480446927373,6.002673796791444
K1,wide,k_cut,810.0,0.0012345679012345679,1.1300601076496148,6.716292134831461,0.015730337078651686,0.008771929824561403,0.017817371937639197,6.716292134831461,0.008379888268156424,0.013368983957219251
K2,band,sigma,0.002,0.002,0.017336242245074487,0.025139664804469275,0.015730337078651686,0.021929824561403508,0.024498886414253896,0.014044943820224719,0.025139664804469275,0.00267379679144385
K2,band,sigma,0.003,0.003,0.015826559246803828,0.028953229398663696,0.020224719101123594,0.015350877192982455,0.028953229398663696,0.011235955056179775,0.0111731843575419,0.008021390374331552
K2,band,sigma,0.004,0.004,0.015485955752386203,0.0334075723830735,0.006741573033707865,0.010964912280701754,0.0334075723830735,0.025280898876404494,0.0111731843575419,0.0053475935828877
K2,band,sigma,0.005,0.005,0.0167374722764709,0.0378619153674833,0.02247191011235955,0.015350877192982455,0.0378619153674833,0.014044943820224719,0.0,0.0106951871657754
K2,band,sigma,0.006,0.006,0.020300947672438358,0.025139664804469275,0.015730337078651686,0.021929824561403508,0.017817371937639197,0.02247191011235955,0.025139664804469275,0.01871657754010695
K2,band,sigma,0.008,0.008,0.03275565095859471,0.06684491978609626,0.02247191011235955,0.008771929824561403,0.0200445434298441,0.033707865168539325,0.0446927374301676,0.06684491978609626
K2,band,sigma,0.01,0.01,0.0970739396276677,0.22994652406417113,0.017977528089887642,0.021929824561403508,0.015590200445434299,0.16292134831460675,0.1340782122905028,0.22994652406417113
K2,band,sigma,0.015,0.015,0.40316581936442225,0.6396648044692738,0.21348314606741572,0.22587719298245615,0.25389755011135856,0.4550561797752809,0.6396648044692738,0.6310160427807486
K2,band,sigma,0.02,0.02,1.0609048620239305,1.3623595505617978,1.0,1.0,0.9888641425389755,1.3623595505617978,1.0195530726256983,0.9946524064171123
K2,band,sigma,0.03,0.03,1.325070373706696,1.90561797752809,1.90561797752809,1.7346491228070176,1.1804008908685968,1.1404494382022472,1.0,0.9893048128342246
K2,band,sigma,0.05,0.05,1.0722221710026927,1.3258426966292134,1.3258426966292134,1.105263157894737,1.0022271714922049,1.0,1.0,1.0
K2,wide,sigma,0.001,0.001,0.02012274628744216,0.033707865168539325,0.017977528089887642,0.017543859649122806,0.026726057906458798,0.033707865168539325,0.01675977653631285,0.008021390374331552
K2,wide,sigma,0.002,0.002,0.017336242245074487,0.025139664804469275,0.015730337078651686,0.021929824561403508,0.024498886414253896,0.014044943820224719,0.025139664804469275,0.00267379679144385
K2,wide,sigma,0.003,0.003,0.015826559246803828,0.028953229398663696,0.020224719101123594,0.015350877192982455,0.028953229398663696,0.011235955056179775,0.0111731843575419,0.008021390374331552
K2,wide,sigma,0.004,0.004,0.015485955752386203,0.0334075723830735,0.006741573033707865,0.010964912280701754,0.0334075723830735,0.025280898876404494,0.0111731843575419,0.0053475935828877
K2,wide,sigma,0.005,0.005,0.0167374722764709,0.0378619153674833,0.02247191011235955,0.015350877192982455,0.0378619153674833,0.014044943820224719,0.0,0.0106951871657754
K2,wide,sigma,0.006,0.006,0.020300947672438358,0.025139664804469275,0.015730337078651686,0.021929824561403508,0.017817371937639197,0.02247191011235955,0.025139664804469275,0.01871657754010695
K2,wide,sigma,0.007,0.007,0.017970245509760972,0.0374331550802139,0.02247191011235955,0.010964912280701754,0.008908685968819599,0.019662921348314606,0.008379888268156424,0.0374331550802139
K2,wide,sigma,0.008,0.008,0.03275565095859471,0.06684491978609626,0.02247191011235955,0.008771929824561403,0.0200445434298441,0.033707865168539325,0.0446927374301676,0.06684491978609626
K2,wide,sigma,0.009,0.009,0.04611205867774403,0.10695187165775401,0.015730337078651686,0.013157894736842105,0.017817371937639197,0.019662921348314606,0.10335195530726257,0.10695187165775401
K2,wide,sigma,0.01,0.01,0.0970739396276677,0.22994652406417113,0.017977528089887642,0.021929824561403508,0.015590200445434299,0.16292134831460675,0.1340782122905028,0.22994652406417113
K2,wide,sigma,0.011,0.011,0.15588342275510828,0.2647058823529412,0.0898876404494382,0.15789473684210525,0.1091314031180401,0.14887640449438203,0.164804469273743,0.2647058823529412
K2,wide,sigma,0.012,0.012,0.19919830121862417,0.3074866310160428,0.10112359550561797,0.1425438596491228,0.13140311804008908,0.2612359550561798,0.25139664804469275,0.3074866310160428
K2,wide,sigma,0.013,0.013,0.23447325028093158,0.40106951871657753,0.08764044943820225,0.1600877192982456,0.133630289532294,0.2696629213483146,0.3547486033519553,0.40106951871657753
K2,wide,sigma,0.014,0.014,0.31119807941838923,0.4786096256684492,0.18876404494382024,0.22587719298245615,0.22939866369710468,0.27247191011235955,0.4720670391061452,0.4786096256684492
K2,wide,sigma,0.015,0.015,0.40316581936442225,0.6396648044692738,0.21348314606741572,0.22587719298245615,0.25389755011135856,0.4550561797752809,0.6396648044692738,0.6310160427807486
K2,wide,sigma,0.016,0.016,0.4703487111699263,0.8475935828877005,0.20224719101123595,0.22587719298245615,0.289532293986637,0.4747191011235955,0.7821229050279329,0.8475935828877005
K2,wide,sigma,0.017,0.017,0.6025977521525093,0.9776536312849162,0.27191011235955054,0.3442982456140351,0.41870824053452116,0.6404494382022472,0.9776536312849162,0.9625668449197861
K2,wide,sigma,0.018,0.018,0.6467933267732766,1.0279329608938548,0.28314606741573034,0.34868421052631576,0.4766146993318486,0.7443820224719101,1.0279329608938548,1.0
K2,wide,sigma,0.019,0.019,0.7530979268685658,1.1151685393258426,0.3303370786516854,0.41885964912280704,0.6570155902004454,1.1151685393258426,0.9972067039106145,1.0
K2,wide,sigma,0.02,0.02,1.0609048620239305,1.3623595505617978,1.0,1.0,0.9888641425389755,1.3623595505617978,1.0195530726256983,0.9946524064171123
K2,wide,sigma,0.021,0.021,1.016732283525977,1.0741573033707865,1.0741573033707865,1.0043859649122806,1.024498886414254,0.9831460674157303,1.0195530726256983,0.9946524064171123
K2,wide,sigma,0.022,0.022,1.0225964864458181,1.053072625698324,1.0,1.0504385964912282,1.0400890868596881,1.0,1.053072625698324,0.9919786096256684
K2,wide,sigma,0.023,0.023,1.02429926050688,1.1348314606741574,0.9685393258426966,1.013157894736842,1.0066815144766148,1.1348314606741574,1.0279329608938548,0.9946524064171123
K2,wide,sigma,0.024,0.024,1.0942355653058082,1.2584269662921348,1.2584269662921348,1.1206140350877194,1.017817371937639,1.1713483146067416,0.9972067039106145,1.0
K2,wide,sigma,0.025,0.025,1.0129673497576208,1.047752808988764,1.0,1.0021929824561404,1.022271714922049,1.047752808988764,1.005586592178771,1.0
K2,wide,sigma,0.026,0.026,1.158205736961926,1.4298245614035088,1.4224719101123595,1.4298245614035088,1.0801781737193763,1.0,1.0167597765363128,1.0
K2,wide,sigma,0.027,0.027,1.2067229948570442,1.6089887640449438,1.6089887640449438,1.486842105263158,1.0601336302895323,1.0814606741573034,1.005586592178771,0.9973262032085561
K2,wide,sigma,0.028,0.028,1.1329490898116235,1.3910112359550562,1.3910112359550562,1.3092105263157894,1.0913140311804008,1.0168539325842696,1.0,0.9893048128342246
K2,wide,sigma,0.029,0.029,1.01303914357994,1.0382022471910113,1.0382022471910113,1.0328947368421053,1.017817371937639,1.002808988764045,0.9972067039106145,0.9893048128342246
K2,wide,sigma,0.03,0.03,1.325070373706696,1.90561797752809,1.90561797752809,1.7346491228070176,1.1804008908685968,1.1404494382022472,1.0,0.9893048128342246
K2,wide,sigma,0.031,0.031,1.1513496126070544,1.5393258426966292,1.5393258426966292,1.2653508771929824,1.024498886414254,1.0842696629213484,1.0,0.9946524064171123
K2,wide,sigma,0.032,0.032,1.182401103569455,1.7370786516853933,1.7370786516853933,1.243421052631579,1.1247216035634744,1.0,0.9972067039106145,0.9919786096256684
K2,wide,sigma,0.033,0.033,1.0135352879811277,1.0876404494382022,1.0876404494382022,1.0043859649122806,1.0,1.0,0.9972067039106145,0.9919786096256684
K2,wide,sigma,0.034,0.034,1.2713875359615976,2.002247191011236,2.002247191011236,1.519736842105263,1.044543429844098,1.0617977528089888,1.0,1.0
K2,wide,sigma,0.035,0.035,1.0977535791109783,1.4943820224719102,1.4943820224719102,1.0899122807017543,1.0022271714922049,1.0,1.0,1.0
K2,wide,sigma,0.036,0.036,1.0218785428365755,1.0701754385964912,1.0426966292134832,1.0701754385964912,1.0155902004454342,1.002808988764045,1.0,1.0
K2,wide,sigma,0.037,0.037,1.1248816755693527,1.5146067415730338,1.5146067415730338,1.2324561403508771,1.0022271714922049,1.0,1.0,1.0
K2,wide,sigma,0.038,0.038,1.0216144293317564,1.1033707865168538,1.1033707865168538,1.0263157894736843,1.0,1.0,1.0,1.0
K2,wide,sigma,0.039,0.039,1.1041125577822715,1.4539325842696629,1.4539325842696629,1.162280701754386,1.0111358574610245,1.0,1.0,0.9973262032085561
K2,wide,sigma,0.04,0.04,1.0224775058459776,1.0808988764044944,1.0808988764044944,1.0416666666666667,1.0066815144766148,1.0056179775280898,1.0,1.0
K2,wide,sigma,0.041,0.041,1.1113901084380207,1.4359550561797754,1.4359550561797754,1.2083333333333333,1.0267260579064588,1.0,1.0,0.9973262032085561
K2,wide,sigma,0.042,0.042,1.0123718706879559,1.051685393258427,1.051685393258427,1.019736842105263,1.0,1.002808988764045,1.0,1.0
K2,wide,sigma,0.043,0.043,1.138980827944673,1.6067415730337078,1.6067415730337078,1.219298245614035,1.0022271714922049,1.0056179775280898,1.0,1.0
K2,wide,sigma,0.044,0.044,1.0081945265786187,1.0382022471910113,1.0382022471910113,1.0109649122807018,1.0,1.0,1.0,1.0
K2,wide,sigma,0.045,0.045,1.1250927091779983,1.5146067415730338,1.5146067415730338,1.2258771929824561,1.0044543429844097,1.0056179775280898,1.0,1.0
K2,wide,sigma,0.046,0.046,1.0914440830540773,1.4719101123595506,1.4719101123595506,1.0767543859649122,1.0,1.0,1.0,1.0
K2,wide,sigma,0.047,0.047,1.1097837716334829,1.5775280898876405,1.5775280898876405,1.0789473684210527,1.0022271714922049,1.0,1.0,1.0
K2,wide,sigma,0.048,0.048,1.0070495249681304,1.0247191011235954,1.0247191011235954,1.0153508771929824,1.0022271714922049,1.0,1.0,1.0
K2,wide,sigma,0.049,0.049,1.122159800249688,1.5662921348314607,1.5662921348314607,1.1666666666666667,1.0,1.0,1.0,1.0
K2,wide,sigma,0.05,0.05,1.0722221710026927,1.3258426966292134,1.3258426966292134,1.105263157894737,1.0022271714922049,1.0,1.0,1.0
K3,band,sigma_normal,0.002,0.002,0.023246672604040685,0.046052631578947366,0.015730337078651686,0.046052631578947366,0.022271714922048998,0.028089887640449437,0.013966480446927373,0.013368983957219251
K3,band,sigma_normal,0.003,0.003,0.021057115093345995,0.041666666666666664,0.020224719101123594,0.041666666666666664,0.031180400890868598,0.019662921348314606,0.00558659217877095,0.008021390374331552
K3,band,sigma_normal,0.004,0.004,0.026142662239061008,0.05921052631578947,0.020224719101123594,0.05921052631578947,0.035634743875278395,0.02247191011235955,0.013966480446927373,0.0053475935828877
K3,band,sigma_normal,0.005,0.005,0.020893953647910146,0.0378619153674833,0.008988764044943821,0.03508771929824561,0.0378619153674833,0.008426966292134831,0.00558659217877095,0.029411764705882353
K3,band,sigma_normal,0.006,0.006,0.027161444104841146,0.05921052631578947,0.02696629213483146,0.05921052631578947,0.035634743875278395,0.016853932584269662,0.00558659217877095,0.01871657754010695
K3,band,sigma_normal,0.008,0.008,0.09928780116211096,0.18716577540106952,0.06292134831460675,0.08114035087719298,0.060133630289532294,0.08146067415730338,0.12290502793296089,0.18716577540106952
K3,band,sigma_normal,0.01,0.01,0.19827582876892072,0.43258426966292135,0.06741573033707865,0.08333333333333333,0.08463251670378619,0.43258426966292135,0.2569832402234637,0.2647058823529412
K3,band,sigma_normal,0.015,0.015,1.1616865847180915,1.8848314606741574,1.0,1.037280701754386,0.9977728285077951,1.8848314606741574,1.111731843575419,0.9385026737967914
K3,band,sigma_normal,0.02,0.02,1.055341907503343,1.1091314031180401,1.0831460674157303,1.0964912280701755,1.1091314031180401,1.0337078651685394,1.0363128491620113,0.9732620320855615
K3,band,sigma_normal,0.03,0.03,1.0210982654115377,1.0548245614035088,1.0179775280898877,1.0548245614035088,1.0311804008908685,1.0252808988764044,1.0,0.9973262032085561
K3,band,sigma_normal,0.05,0.05,1.000742644357006,1.002808988764045,1.002247191011236,1.0021929824561404,1.0,1.002808988764045,0.9972067039106145,1.0
K3,wide,sigma_normal,0.001,0.001,0.027412926094256707,0.046052631578947366,0.03146067415730337,0.046052631578947366,0.031180400890868598,0.028089887640449437,0.0223463687150838,0.0053475935828877
K3,wide,sigma_normal,0.002,0.002,0.023246672604040685,0.046052631578947366,0.015730337078651686,0.046052631578947366,0.022271714922048998,0.028089887640449437,0.013966480446927373,0.013368983957219251
K3,wide,sigma_normal,0.003,0.003,0.021057115093345995,0.041666666666666664,0.020224719101123594,0.041666666666666664,0.031180400890868598,0.019662921348314606,0.00558659217877095,0.008021390374331552
K3,wide,sigma_normal,0.004,0.004,0.026142662239061008,0.05921052631578947,0.020224719101123594,0.05921052631578947,0.035634743875278395,0.02247191011235955,0.013966480446927373,0.0053475935828877
K3,wide,sigma_normal,0.005,0.005,0.020893953647910146,0.0378619153674833,0.008988764044943821,0.03508771929824561,0.0378619153674833,0.008426966292134831,0.00558659217877095,0.029411764705882353
K3,wide,sigma_normal,0.006,0.006,0.027161444104841146,0.05921052631578947,0.02696629213483146,0.05921052631578947,0.035634743875278395,0.016853932584269662,0.00558659217877095,0.01871657754010695
K3,wide,sigma_normal,0.007,0.007,0.051272425288318636,0.09090909090909091,0.006741573033707865,0.05043859649122807,0.0334075723830735,0.07865168539325842,0.04748603351955307,0.09090909090909091
K3,wide,sigma_normal,0.008,0.008,0.09928780116211096,0.18716577540106952,0.06292134831460675,0.08114035087719298,0.060133630289532294,0.08146067415730338,0.12290502793296089,0.18716577540106952
K3,wide,sigma_normal,0.009,0.009,0.121958166637348,0.20855614973262032,0.058426966292134834,0.09210526315789473,0.0757238307349666,0.15168539325842698,0.1452513966480447,0.20855614973262032
K3,wide,sigma_normal,0.01,0.01,0.19827582876892072,0.43258426966292135,0.06741573033707865,0.08333333333333333,0.08463251670378619,0.43258426966292135,0.2569832402234637,0.2647058823529412
K3,wide,sigma_normal,0.011,0.011,0.29362601268006633,0.7556179775280899,0.08314606741573034,0.09868421052631579,0.11358574610244988,0.7556179775280899,0.36312849162011174,0.34759358288770054
K3,wide,sigma_normal,0.012,0.012,0.8799909526954525,3.747191011235955,0.15280898876404495,0.19736842105263158,0.19599109131403117,3.747191011235955,0.5614525139664804,0.42513368983957217
K3,wide,sigma_normal,0.013,0.013,0.9266702258730405,3.0224719101123596,0.32808988764044944,0.3925438596491228,0.3830734966592428,3.0224719101123596,0.8910614525139665,0.5427807486631016
K3,wide,sigma_normal,0.014,0.014,1.0507841273694447,2.337078651685393,0.6741573033707865,0.7653508771929824,0.8307349665924276,2.337078651685393,0.9888268156424581,0.7085561497326203
K3,wide,sigma_normal,0.015,0.015,1.1616865847180915,1.8848314606741574,1.0,1.037280701754386,0.9977728285077951,1.8848314606741574,1.111731843575419,0.9385026737967914
K3,wide,sigma_normal,0.016,0.016,1.5102452371956092,1.8719101123595505,1.8719101123595505,1.719298245614035,1.581291759465479,1.6151685393258426,1.0251396648044693,1.2486631016042782
K3,wide,sigma_normal,0.017,0.017,1.267182258841461,1.4714912280701755,1.4247191011235956,1.4714912280701755,1.2115812917594655,1.4157303370786516,1.047486033519553,1.032085561497326
K3,wide,sigma_normal,0.018,0.018,1.1423060069471174,1.2876404494382023,1.2876404494382023,1.219298245614035,1.133630289532294,1.1320224719101124,1.0865921787709498,0.9946524064171123
K3,wide,sigma_normal,0.019,0.019,1.0718985858645513,1.144736842105263,1.1258426966292134,1.144736842105263,1.0846325167037862,1.050561797752809,1.0363128491620113,0.9893048128342246
K3,wide,sigma_normal,0.02,0.02,1.055341907503343,1.1091314031180401,1.0831460674157303,1.0964912280701755,1.1091314031180401,1.0337078651685394,1.0363128491620113,0.9732620320855615
K3,wide,sigma_normal,0.021,0.021,1.0619193107713507,1.1280898876404495,1.1280898876404495,1.1030701754385965,1.066815144766147,1.0140449438202248,1.0782122905027933,0.9812834224598931
K3,wide,sigma_normal,0.022,0.022,1.030986897639628,1.0629213483146067,1.0629213483146067,1.0394736842105263,1.0356347438752784,1.0084269662921348,1.047486033519553,0.9919786096256684
K3,wide,sigma_normal,0.023,0.023,1.0412872142637692,1.101123595505618,1.101123595505618,1.087719298245614,1.0334075723830736,1.0168539325842696,1.0139664804469273,0.9946524064171123
K3,wide,sigma_normal,0.024,0.024,1.0329730171067482,1.09438202247191,1.09438202247191,1.0701754385964912,1.0133630289532294,1.0224719101123596,1.0027932960893855,0.9946524064171123
K3,wide,sigma_normal,0.025,0.025,1.0265043412457964,1.0853932584269663,1.0853932584269663,1.0416666666666667,1.017817371937639,1.0112359550561798,1.005586592178771,0.9973262032085561
K3,wide,sigma_normal,0.026,0.026,1.0377706650307088,1.1206140350877194,1.0966292134831461,1.1206140350877194,1.0200445434298442,1.0056179775280898,0.994413407821229,0.9893048128342246
K3,wide,sigma_normal,0.027,0.027,1.0143177239434882,1.0337078651685394,1.0337078651685394,1.0241228070175439,1.0334075723830736,1.002808988764045,0.9972067039106145,0.9946524064171123
K3,wide,sigma_normal,0.028,0.028,1.020439237418146,1.0635964912280702,1.0314606741573034,1.0635964912280702,1.024498886414254,1.0084269662921348,1.0,0.9946524064171123
K3,wide,sigma_normal,0.029,0.029,1.0159511193427615,1.0337078651685394,1.0337078651685394,1.0328947368421053,1.0289532293986636,1.0056179775280898,0.9972067039106145,0.9973262032085561
K3,wide,sigma_normal,0.03,0.03,1.0210982654115377,1.0548245614035088,1.0179775280898877,1.0548245614035088,1.0311804008908685,1.0252808988764044,1.0,0.9973262032085561
K3,wide,sigma_normal,0.031,0.031,1.0137733888494498,1.0350877192982457,1.0224719101123596,1.0350877192982457,1.022271714922049,1.002808988764045,1.0,1.0
K3,wide,sigma_normal,0.032,0.032,1.0141556099431834,1.0504385964912282,1.0224719101123596,1.0504385964912282,1.0200445434298442,1.0,1.0,0.9919786096256684
K3,wide,sigma_normal,0.033,0.033,1.0065523982006233,1.022271714922049,1.0134831460674156,1.0087719298245614,1.022271714922049,1.002808988764045,1.0,0.9919786096256684
K3,wide,sigma_normal,0.034,0.034,1.016168109459777,1.0526315789473684,1.0314606741573034,1.0526315789473684,1.0155902004454342,1.0,1.0,0.9973262032085561
K3,wide,sigma_normal,0.035,0.035,1.0026235141821156,1.0155902004454342,1.0,1.0,1.0155902004454342,1.0056179775280898,0.9972067039106145,0.9973262032085561
K3,wide,sigma_normal,0.036,0.036,1.0206624914822489,1.0526315789473684,1.047191011235955,1.0526315789473684,1.0155902004454342,1.0112359550561798,1.0,0.9973262032085561
K3,wide,sigma_normal,0.037,0.037,1.0196412609750647,1.0489977728285078,1.0134831460674156,1.0328947368421053,1.0489977728285078,1.0224719101123596,1.0,1.0
K3,wide,sigma_normal,0.038,0.038,1.0118306549299145,1.0449438202247192,1.0449438202247192,1.0153508771929824,1.0133630289532294,1.0,1.0,0.9973262032085561
K3,wide,sigma_normal,0.039,0.039,1.0137429992049265,1.0404494382022471,1.0404494382022471,1.019736842105263,1.022271714922049,1.0,1.0,1.0
K3,wide,sigma_normal,0.04,0.04,1.0117729003125673,1.0449438202247192,1.0449438202247192,1.0153508771929824,1.0044543429844097,1.0112359550561798,1.0,0.9946524064171123
K3,wide,sigma_normal,0.041,0.041,1.0051610992743913,1.0224719101123596,1.0224719101123596,1.006578947368421,1.0044543429844097,1.002808988764045,1.0,0.9946524064171123
K3,wide,sigma_normal,0.042,0.042,1.013782012023126,1.0394736842105263,1.0359550561797752,1.0394736842105263,1.0044543429844097,1.002808988764045,1.0,1.0
K3,wide,sigma_normal,0.043,0.043,1.0022449803152937,1.0044943820224719,1.0044943820224719,1.0043859649122806,1.0044543429844097,1.002808988764045,1.0,0.9973262032085561
K3,wide,sigma_normal,0.044,0.044,1.0024954383276454,1.0109649122807018,1.0,1.0109649122807018,1.0066815144766148,1.0,1.0,0.9973262032085561
K3,wide,sigma_normal,0.045,0.045,1.0040149717733398,1.0157303370786517,1.0157303370786517,1.006578947368421,1.0044543429844097,1.0,1.0,0.9973262032085561
K3,wide,sigma_normal,0.046,0.046,1.0039969022549744,1.0112359550561798,1.0112359550561798,1.0109649122807018,1.0044543429844097,1.0,1.0,0.9973262032085561
K3,wide,sigma_normal,0.047,0.047,1.0048113687160771,1.0134831460674156,1.0134831460674156,1.013157894736842,1.0022271714922049,1.0,1.0,1.0
K3,wide,sigma_normal,0.048,0.048,1.006574940860717,1.0224719101123596,1.0224719101123596,1.0175438596491229,1.0022271714922049,1.0,0.9972067039106145,1.0
K3,wide,sigma_normal,0.049,0.049,1.003578686179069,1.0175438596491229,1.0044943820224719,1.0175438596491229,1.0022271714922049,1.0,0.9972067039106145,1.0
K3,wide,sigma_normal,0.05,0.05,1.000742644357006,1.002808988764045,1.002247191011236,1.0021929824561404,1.0,1.002808988764045,0.9972067039106145,1.0
K4,band,sigma_smooth,0.002,0.002,1.8348644254774227,2.401685393258427,2.204494382022472,1.8464912280701755,1.8997772828507795,2.401685393258427,1.2262569832402235,1.4304812834224598
K4,band,sigma_smooth,0.003,0.003,1.572138117040934,2.3230337078651684,1.901123595505618,1.5701754385964912,1.5055679287305122,2.3230337078651684,1.0446927374301676,1.088235294117647
K4,band,sigma_smooth,0.004,0.004,1.4664713295376233,2.283707865168539,1.5640449438202246,1.469298245614035,1.378619153674833,2.283707865168539,1.0363128491620113,1.0668449197860963
K4,band,sigma_smooth,0.005,0.005,1.4786907819534794,2.3230337078651684,1.5797752808988763,1.4824561403508771,1.3919821826280623,2.3230337078651684,1.0307262569832403,1.0641711229946524
K4,band,sigma_smooth,0.006,0.006,1.4741567025589335,2.306179775280899,1.5685393258426967,1.4780701754385965,1.3674832962138084,2.306179775280899,1.0391061452513966,1.085561497326203
K4,band,sigma_smooth,0.008,0.008,1.4547152810689499,2.154494382022472,1.5707865168539326,1.5241228070175439,1.3474387527839644,2.154494382022472,1.0726256983240223,1.0588235294117647
K4,band,sigma_smooth,0.01,0.01,1.420457218916668,1.9269662921348314,1.6471910112359551,1.5789473684210527,1.2850779510022272,1.9269662921348314,1.0391061452513966,1.0454545454545454
K4,band,sigma_smooth,0.015,0.015,1.019265230717503,1.0614525139664805,1.0089887640449438,1.0021929824561404,1.0311804008908685,1.0224719101123596,1.0614525139664805,0.9893048128342246
K4,band,sigma_smooth,0.02,0.02,1.0203764750563356,1.0548245614035088,1.0,1.0548245614035088,1.0534521158129175,1.002808988764045,1.011173184357542,1.0
K4,band,sigma_smooth,0.03,0.03,1.012985875775665,1.0269662921348315,1.0269662921348315,1.0241228070175439,1.0155902004454342,1.0112359550561798,1.0,1.0
K4,band,sigma_smooth,0.05,0.05,1.0003711952487009,1.0022271714922049,1.0,1.0,1.0022271714922049,1.0,1.0,1.0
K4,wide,sigma_smooth,0.001,0.001,1.4332277731049272,2.1769662921348316,1.3123595505617978,1.1864035087719298,1.21826280623608,2.1769662921348316,1.3631284916201116,1.3422459893048129
K4,wide,sigma_smooth,0.002,0.002,1.8348644254774227,2.401685393258427,2.204494382022472,1.8464912280701755,1.8997772828507795,2.401685393258427,1.2262569832402235,1.4304812834224598
K4,wide,sigma_smooth,0.003,0.003,1.572138117040934,2.3230337078651684,1.901123595505618,1.5701754385964912,1.5055679287305122,2.3230337078651684,1.0446927374301676,1.088235294117647
K4,wide,sigma_smooth,0.004,0.004,1.4664713295376233,2.283707865168539,1.5640449438202246,1.469298245614035,1.378619153674833,2.283707865168539,1.0363128491620113,1.0668449197860963
K4,wide,sigma_smooth,0.005,0.005,1.4786907819534794,2.3230337078651684,1.5797752808988763,1.4824561403508771,1.3919821826280623,2.3230337078651684,1.0307262569832403,1.0641711229946524
K4,wide,sigma_smooth,0.006,0.006,1.4741567025589335,2.306179775280899,1.5685393258426967,1.4780701754385965,1.3674832962138084,2.306179775280899,1.0391061452513966,1.085561497326203
K4,wide,sigma_smooth,0.007,0.007,1.4585256137847835,2.235955056179775,1.5730337078651686,1.469298245614035,1.3229398663697105,2.235955056179775,1.0670391061452513,1.0828877005347595
K4,wide,sigma_smooth,0.008,0.008,1.4547152810689499,2.154494382022472,1.5707865168539326,1.5241228070175439,1.3474387527839644,2.154494382022472,1.0726256983240223,1.0588235294117647
K4,wide,sigma_smooth,0.009,0.009,1.4386744065714614,2.044943820224719,1.649438202247191,1.5482456140350878,1.311804008908686,2.044943820224719,1.0642458100558658,1.0133689839572193
K4,wide,sigma_smooth,0.01,0.01,1.420457218916668,1.9269662921348314,1.6471910112359551,1.5789473684210527,1.2850779510022272,1.9269662921348314,1.0391061452513966,1.0454545454545454
K4,wide,sigma_smooth,0.011,0.011,1.3710474999190438,1.7837078651685394,1.6067415730337078,1.5241228070175439,1.2204899777282852,1.7837078651685394,1.0698324022346368,1.0213903743315509
K4,wide,sigma_smooth,0.012,0.012,1.2776197332172086,1.6095505617977528,1.4786516853932585,1.3421052631578947,1.1737193763919822,1.6095505617977528,1.0670391061452513,0.9946524064171123
K4,wide,sigma_smooth,0.013,0.013,1.1005270587710598,1.1910112359550562,1.1730337078651685,1.105263157894737,1.066815144766147,1.1910112359550562,1.0670391061452513,1.0
K4,wide,sigma_smooth,0.014,0.014,1.0202149950104793,1.053072625698324,1.0202247191011236,1.0109649122807018,1.0334075723830736,1.0196629213483146,1.053072625698324,0.983957219251337
K4,wide,sigma_smooth,0.015,0.015,1.019265230717503,1.0614525139664805,1.0089887640449438,1.0021929824561404,1.0311804008908685,1.0224719101123596,1.0614525139664805,0.9893048128342246
K4,wide,sigma_smooth,0.016,0.016,1.0175787198958315,1.0489977728285078,1.0089887640449438,1.0153508771929824,1.0489977728285078,1.0168539325842696,1.0446927374301676,0.9705882352941176
K4,wide,sigma_smooth,0.017,0.017,1.0219570388775676,1.0579064587973275,1.0,1.0394736842105263,1.0579064587973275,1.0224719101123596,1.0279329608938548,0.983957219251337
K4,wide,sigma_smooth,0.018,0.018,1.024761296577721,1.0789473684210527,1.0,1.0789473684210527,1.0579064587973275,1.0112359550561798,1.011173184357542,0.9893048128342246
K4,wide,sigma_smooth,0.019,0.019,1.0216228872430932,1.0745614035087718,1.0,1.0745614035087718,1.0601336302895323,1.0056179775280898,1.0027932960893855,0.9866310160427807
K4,wide,sigma_smooth,0.02,0.02,1.0203764750563356,1.0548245614035088,1.0,1.0548245614035088,1.0534521158129175,1.002808988764045,1.011173184357542,1.0
K4,wide,sigma_smooth,0.021,0.021,1.022593990728105,1.0504385964912282,1.0359550561797752,1.0504385964912282,1.0378619153674833,1.002808988764045,1.011173184357542,0.9973262032085561
K4,wide,sigma_smooth,0.022,0.022,1.0172269676198151,1.0460526315789473,1.0314606741573034,1.0460526315789473,1.0311804008908685,1.002808988764045,0.9972067039106145,0.9946524064171123
K4,wide,sigma_smooth,0.023,0.023,1.0144329656472344,1.043859649122807,1.0247191011235954,1.043859649122807,1.0289532293986636,1.0,0.994413407821229,0.9946524064171123
K4,wide,sigma_smooth,0.024,0.024,1.0130284683753137,1.0404494382022471,1.0404494382022471,1.037280701754386,1.0111358574610245,1.0,1.0,0.9893048128342246
K4,wide,sigma_smooth,0.025,0.025,1.012439676150003,1.0359550561797752,1.0359550561797752,1.0328947368421053,1.0111358574610245,1.0,1.0,0.9946524064171123
K4,wide,sigma_smooth,0.026,0.026,1.0157360251169836,1.0337078651685394,1.0337078651685394,1.0328947368421053,1.0133630289532294,1.0224719101123596,1.0,0.9919786096256684
K4,wide,sigma_smooth,0.027,0.027,1.014266642499151,1.0269662921348315,1.0269662921348315,1.0241228070175439,1.0200445434298442,1.0252808988764044,0.9972067039106145,0.9919786096256684
K4,wide,sigma_smooth,0.028,0.028,1.0129151795621316,1.0285087719298245,1.0202247191011236,1.0285087719298245,1.0200445434298442,1.0168539325842696,0.9972067039106145,0.9946524064171123
K4,wide,sigma_smooth,0.029,0.029,1.0147942580515676,1.0337078651685394,1.0337078651685394,1.0263157894736843,1.0200445434298442,1.0140449438202248,1.0,0.9946524064171123
K4,wide,sigma_smooth,0.03,0.03,1.012985875775665,1.0269662921348315,1.0269662921348315,1.0241228070175439,1.0155902004454342,1.0112359550561798,1.0,1.0
K4,wide,sigma_smooth,0.031,0.031,1.0104544493015193,1.0241228070175439,1.0179775280898877,1.0241228070175439,1.017817371937639,1.002808988764045,1.0,1.0
K4,wide,sigma_smooth,0.032,0.032,1.0097426505584008,1.0200445434298442,1.0157303370786517,1.019736842105263,1.0200445434298442,1.0056179775280898,1.0,0.9973262032085561
K4,wide,sigma_smooth,0.033,0.033,1.0063469118744248,1.0134831460674156,1.0134831460674156,1.0109649122807018,1.0133630289532294,1.0056179775280898,1.0,0.9946524064171123
K4,wide,sigma_smooth,0.034,0.034,1.004777683570233,1.0133630289532294,1.006741573033708,1.0109649122807018,1.0133630289532294,1.0056179775280898,1.0,0.9919786096256684
K4,wide,sigma_smooth,0.035,0.035,1.0036821673424956,1.0112359550561798,1.0112359550561798,1.006578947368421,1.0066815144766148,1.0056179775280898,1.0,0.9919786096256684
K4,wide,sigma_smooth,0.036,0.036,1.0042723636539777,1.0111358574610245,1.0044943820224719,1.0043859649122806,1.0111358574610245,1.0056179775280898,1.0,1.0
K4,wide,sigma_smooth,0.037,0.037,1.0026839399408576,1.0089086859688197,1.0,1.0043859649122806,1.0089086859688197,1.002808988764045,1.0,1.0
K4,wide,sigma_smooth,0.038,0.038,1.0011361177415359,1.0066815144766148,1.0,1.0,1.0066815144766148,1.002808988764045,1.0,0.9973262032085561
K4,wide,sigma_smooth,0.039,0.039,1.0015073129902368,1.0089086859688197,1.0,1.0,1.0089086859688197,1.002808988764045,1.0,0.9973262032085561
K4,wide,sigma_smooth,0.04,0.04,1.0015073129902368,1.0089086859688197,1.0,1.0,1.0089086859688197,1.002808988764045,1.0,0.9973262032085561
K4,wide,sigma_smooth,0.041,0.041,1.003008776917566,1.0112359550561798,1.0112359550561798,1.0,1.0066815144766148,1.002808988764045,1.0,0.9973262032085561
K4,wide,sigma_smooth,0.042,0.042,1.002263049833659,1.0089887640449438,1.0089887640449438,1.0,1.0044543429844097,1.002808988764045,1.0,0.9973262032085561
K4,wide,sigma_smooth,0.043,0.043,1.0018885179984531,1.006741573033708,1.006741573033708,1.0,1.0044543429844097,1.002808988764045,1.0,0.9973262032085561
K4,wide,sigma_smooth,0.044,0.044,1.0018851814119478,1.0066815144766148,1.0044943820224719,1.0,1.0066815144766148,1.002808988764045,1.0,0.9973262032085561
K4,wide,sigma_smooth,0.045,0.045,1.0031768474262406,1.0089887640449438,1.0089887640449438,1.0,1.0044543429844097,1.0056179775280898,1.0,1.0
K4,wide,sigma_smooth,0.046,0.046,1.0020442171614399,1.0056179775280898,1.0,1.0021929824561404,1.0044543429844097,1.0056179775280898,1.0,1.0
K4,wide,sigma_smooth,0.047,0.047,1.00314070838951,1.0087719298245614,1.0,1.0087719298245614,1.0044543429844097,1.0056179775280898,1.0,1.0
K4,wide,sigma_smooth,0.048,0.048,1.0014733846494484,1.0044543429844097,1.0,1.0043859649122806,1.0044543429844097,1.0,1.0,1.0
K4,wide,sigma_smooth,0.049,0.049,1.0011021894007477,1.0043859649122806,1.0,1.0043859649122806,1.0022271714922049,1.0,1.0,1.0
K4,wide,sigma_smooth,0.05,0.05,1.0003711952487009,1.0022271714922049,1.0,1.0,1.0022271714922049,1.0,1.0,1.0
