case,K,R,P,protocol,lam,n_atoms,nx,ny,dx,F_init,F_final,rel_drop,converged,steps,admissible,conservation,roughness_init,highk_init,l2_change,r1_fell_back,n_atoms_init,n_atoms_relaxed,n5_init,n7_init,n6_init,n5_relaxed,n7_relaxed,n6_relaxed,tau_57,coord_defects_init,coord_defects_relaxed,n5_gt,n6_gt,n7_gt,n_atoms_gt,n_atoms_init_recon,atom_recon_err,ring_l1_init,tau_init_57,nx_sweep,Ef_rel
T0_pristine,K2,R2,P3,K2/R2/P3,0.01,1024,256,148,0.00392156862745098,0.09821016919238727,0.0780293638716884,0.20548590320790502,True,15000,True,2.220446049250313e-16,49.33660805999323,0.0009138758350609306,0.8201278170489426,False,1024,1029,0,0,436,0,0,437,1.0,0,22,0,445,0,1024,1024,0.0,0.020224719101123594,1.0,256,
T0_pristine,K2,R2,P3,K2/R2/P3,0.01,1024,384,222,0.0026109660574412533,0.09966392497901923,0.0778342948763375,0.21903241425899286,True,14000,True,0.0,55.82056985049078,0.00046068133076836236,0.8304360778059825,False,1024,1035,0,0,440,0,1,434,nan,0,26,0,445,0,1024,1024,0.0,0.011235955056179775,1.0,384,
T0_pristine,K2,R2,P3,K2/R2/P3,0.01,1024,512,296,0.0019569471624266144,0.10031337129676889,0.07773684149436441,0.2250600245067396,True,13400,True,0.0,58.530914491618326,0.00035024802161659827,0.8347251793203554,False,1024,1035,0,0,435,0,0,442,1.0,0,7,0,445,0,1024,1024,0.0,0.02247191011235955,1.0,512,
T0_pristine,K2,R2,P3,K2/R2/P3,0.01,1024,768,444,0.001303780964797914,0.10073497551991718,0.07763687099295401,0.2292957774372641,True,13000,True,2.220446049250313e-16,60.53779255320147,0.00023538239825514904,0.8376754997950114,False,1024,1035,0,0,439,0,0,436,1.0,0,7,0,445,0,1024,1024,0.0,0.01348314606741573,1.0,768,0.0
T0_pristine,K3,R2,P3,K3/R2/P3,0.01,1024,256,148,0.00392156862745098,0.08876286626188921,0.07794409972858082,0.12188392498940159,True,9400,True,0.0,36.14467694414349,0.001066818608851677,0.7278618906588336,False,1010,969,0,0,428,2,0,379,nan,6,130,0,445,0,1024,1010,0.013671875,0.038202247191011236,1.0,256,
T0_pristine,K3,R2,P3,K3/R2/P3,0.01,1024,384,222,0.0026109660574412533,0.0892193127471027,0.07774195722871792,0.12864205254436337,True,8800,True,2.220446049250313e-16,40.61761049658077,0.0004465001051994708,0.7382999433034595,False,1021,995,0,0,438,0,0,410,1.0,0,79,0,445,0,1024,1021,0.0029296875,0.015730337078651686,1.0,384,
T0_pristine,K3,R2,P3,K3/R2/P3,0.01,1024,512,296,0.0019569471624266144,0.09013904723831914,0.07764797402112096,0.138575607352194,True,8800,True,2.220446049250313e-16,43.7146379742249,0.0003444219775683166,0.7522012797455053,False,1019,991,0,0,441,0,0,422,1.0,2,47,0,445,0,1024,1019,0.0048828125,0.008988764044943821,1.0,512,
T0_pristine,K3,R2,P3,K3/R2/P3,0.01,1024,768,444,0.001303780964797914,0.08939002709639997,0.07753884495817652,0.1325783482025674,True,8000,True,1.1102230246251565e-16,43.57175980618061,0.0002320326032807138,0.7441084579800408,False,1021,979,0,0,441,0,0,419,1.0,0,54,0,445,0,1024,1021,0.0029296875,0.008988764044943821,1.0,768,0.0
T0_pristine,K3,R2,P4,K3/R2/P4,0.01,1024,256,148,0.00392156862745098,0.09249192826141518,0.08222272439842587,0.11102810867954743,True,8400,True,0.0,34.919346677447024,0.0010952723474560776,0.7100333446028958,False,1010,955,0,0,428,3,0,394,nan,6,86,0,445,0,1024,1010,0.013671875,0.038202247191011236,1.0,256,
T0_pristine,K3,R2,P4,K3/R2/P4,0.01,1024,384,222,0.0026109660574412533,0.09303528321008586,0.08211934838095723,0.11733112914246757,True,7800,True,2.220446049250313e-16,39.325258175554026,0.00042844382868491965,0.7208677906589118,False,1021,989,0,0,438,0,0,413,1.0,0,56,0,445,0,1024,1021,0.0029296875,0.015730337078651686,1.0,384,
T0_pristine,K3,R2,P4,K3/R2/P4,0.01,1024,512,296,0.0019569471624266144,0.09510937835597918,0.08336120120289948,0.12352280454518537,True,7600,True,2.220446049250313e-16,42.07859964099967,0.0003275302787193026,0.7306931067995509,False,1019,991,0,0,441,0,0,412,1.0,2,61,0,445,0,1024,1019,0.0048828125,0.008988764044943821,1.0,512,
T0_pristine,K3,R2,P4,K3/R2/P4,0.01,1024,768,444,0.001303780964797914,0.0931084466290746,0.0818033928078662,0.12141813369785313,True,7200,True,1.1102230246251565e-16,42.27254199870263,0.00021339879754718778,0.7275680121634388,False,1021,974,0,0,441,0,0,413,1.0,0,55,0,445,0,1024,1021,0.0029296875,0.008988764044943821,1.0,768,0.0
T1_vacancy,K2,R2,P3,K2/R2/P3,0.01,1023,256,148,0.00392156862745098,0.09804016347002317,0.0780224891229904,0.20417830446757051,True,15000,True,1.1113082866238126e-16,49.0806728656248,0.0007186786067516844,0.8191540206363689,False,1023,1033,0,0,445,0,0,446,1.0,3,34,0,456,0,1023,1023,0.0,0.02412280701754386,1.0,256,
T1_vacancy,K2,R2,P3,K2/R2/P3,0.01,1023,384,222,0.0026109660574412533,0.09993805267269418,0.0778318982570257,0.22119857075930882,True,14200,True,2.222616573247625e-16,56.0175721884128,0.0004047617223439343,0.8320023104638592,False,1023,1035,0,0,447,0,0,445,1.0,3,37,0,456,0,1023,1023,0.0,0.019736842105263157,1.0,384,
T1_vacancy,K2,R2,P3,K2/R2/P3,0.01,1023,512,296,0.0019569471624266144,0.10024008532990165,0.07773212982144183,0.22454046636516276,True,13600,True,4.44523314649525e-16,58.248813575514305,0.00035187021056077374,0.8343716896459282,False,1023,1031,0,0,449,0,0,450,1.0,3,18,0,456,0,1023,1023,0.0,0.015350877192982455,1.0,512,
T1_vacancy,K2,R2,P3,K2/R2/P3,0.01,1023,768,444,0.001303780964797914,0.10074240321875307,0.07763409857135911,0.2293801210719219,True,13200,True,1.1113082866238126e-16,60.31680417303728,0.00026538976243360214,0.8376955302167018,False,1023,1032,0,0,436,0,0,452,1.0,3,25,0,456,0,1023,1023,0.0,0.043859649122807015,1.0,768,-3.5710115045048685e-05
T1_vacancy,K3,R2,P3,K3/R2/P3,0.01,1023,256,148,0.00392156862745098,0.0924882589375323,0.07797483632839097,0.1569217841904006,True,11600,True,1.1113082866238126e-16,41.74129359026188,0.0008522350717141065,0.7743356097515522,False,997,990,0,0,423,0,0,412,1.0,3,54,0,456,0,1023,997,0.02541544477028348,0.07236842105263158,1.0,256,
T1_vacancy,K3,R2,P3,K3/R2/P3,0.01,1023,384,222,0.0026109660574412533,0.08944601453512707,0.07774054357978306,0.13086632217410935,True,9000,True,2.222616573247625e-16,40.87477767632235,0.000361010261526951,0.7415304971406432,False,1007,994,0,0,437,0,0,410,1.0,3,90,0,456,0,1023,1007,0.015640273704789834,0.041666666666666664,1.0,384,
T1_vacancy,K3,R2,P3,K3/R2/P3,0.01,1023,512,296,0.0019569471624266144,0.08954166863003868,0.07763969542136138,0.13292105665188064,True,8600,True,0.0,42.50381238457461,0.0003306800034718972,0.7444914523953038,False,1007,999,0,0,440,0,0,417,1.0,3,87,0,456,0,1023,1007,0.015640273704789834,0.03508771929824561,1.0,512,
T1_vacancy,K3,R2,P3,K3/R2/P3,0.01,1023,768,444,0.001303780964797914,0.08796305145615416,0.0775232643919093,0.11868377564696743,True,7600,True,3.333924859871438e-16,40.71665189922781,0.0002581214448376438,0.7232255846106581,False,1007,981,0,0,432,0,0,414,1.0,3,91,0,456,0,1023,1007,0.015640273704789834,0.05263157894736842,1.0,768,-0.0002009388491100014
T1_vacancy,K3,R2,P4,K3/R2/P4,0.01,1023,256,148,0.00392156862745098,0.10245296116419421,0.08952030040221921,0.12623022912191598,True,8600,True,1.1113082866238126e-16,39.008475510423814,0.0008110599258225931,0.7343859853345264,False,997,978,0,0,423,0,0,403,1.0,3,68,0,456,0,1023,997,0.02541544477028348,0.07236842105263158,1.0,256,
T1_vacancy,K3,R2,P4,K3/R2/P4,0.01,1023,384,222,0.0026109660574412533,0.09358823927393294,0.08249412666386514,0.11854173874983698,True,7600,True,2.222616573247625e-16,39.54884175848243,0.00035447953357147476,0.7228780207150624,False,1007,989,0,0,437,0,0,408,1.0,3,102,0,456,0,1023,1007,0.015640273704789834,0.041666666666666664,1.0,384,
T1_vacancy,K3,R2,P4,K3/R2/P4,0.01,1023,512,296,0.0019569471624266144,0.09358715844317554,0.08228109099031249,0.12080789331506307,True,7400,True,0.0,41.18740355613058,0.00031917436000023956,0.7265436864713766,False,1007,994,0,0,440,0,0,416,1.0,3,88,0,456,0,1023,1007,0.015640273704789834,0.03508771929824561,1.0,512,
T1_vacancy,K3,R2,P4,K3/R2/P4,0.01,1023,768,444,0.001303780964797914,0.0896821004595327,0.07948656351912936,0.11368530496231943,True,7000,True,3.333924859871438e-16,40.07013527224639,0.0002478423794408171,0.7150248504949659,False,1007,978,0,0,432,0,0,407,1.0,3,78,0,456,0,1023,1007,0.015640273704789834,0.05263157894736842,1.0,768,-0.028321921734694198
T2_stone_wales,K2,R2,P3,K2/R2/P3,0.01,1024,256,148,0.00392156862745098,0.09793759719198228,0.07802303411479951,0.2033393063354947,True,14400,True,2.220446049250313e-16,49.109744536940674,0.0007139009409485291,0.818525299651558,False,1024,1026,2,1,439,2,1,426,1.0,0,16,2,446,1,1024,1024,0.0,0.015590200445434299,1.0,256,
T2_stone_wales,K2,R2,P3,K2/R2/P3,0.01,1024,384,222,0.0026109660574412533,0.09975244552444715,0.07783073549378794,0.2197611288165028,True,13600,True,2.220446049250313e-16,55.99294963564203,0.0003423561608279425,0.8310504234511782,False,1024,1031,2,1,442,2,1,432,1.0,0,21,2,446,1,1024,1024,0.0,0.008908685968819599,1.0,384,
T2_stone_wales,K2,R2,P3,K2/R2/P3,0.01,1024,512,296,0.0019569471624266144,0.10024089961201951,0.07773244865670928,0.2245435849281956,True,13000,True,0.0,58.46453007177513,0.0002850225885225852,0.8344374826584453,False,1024,1031,2,1,429,2,1,437,1.0,0,22,2,446,1,1024,1024,0.0,0.0378619153674833,1.0,512,
T2_stone_wales,K2,R2,P3,K2/R2/P3,0.01,1024,768,444,0.001303780964797914,0.10074629091721213,0.07763384584530737,0.2294123670607121,True,12600,True,1.1102230246251565e-16,60.55561475846632,0.0002069688741993599,0.8377979008178504,False,1024,1031,2,1,436,2,1,439,1.0,0,22,2,446,1,1024,1024,0.0,0.022271714922048998,1.0,768,-3.89653473658064e-05
T2_stone_wales,K3,R2,P3,K3/R2/P3,0.01,1024,256,148,0.00392156862745098,0.07792287253086913,0.07781015402742543,0.0014465393764718792,True,800,True,0.0,3.5630808332996837,0.028329016345884347,0.10621860045915996,False,1024,941,2,1,442,0,0,388,0.0,0,68,2,446,1,1024,1024,0.0,0.008908685968819599,1.0,256,
T2_stone_wales,K3,R2,P3,K3/R2/P3,0.01,1024,384,222,0.0026109660574412533,0.07768826174854401,0.07760590089939186,0.0010601453462652415,True,800,True,2.220446049250313e-16,3.3217325555302084,0.004571746736653396,0.0912609394554027,False,1024,952,2,1,442,0,0,392,0.0,0,62,2,446,1,1024,1024,0.0,0.008908685968819599,1.0,384,
T2_stone_wales,K3,R2,P3,K3/R2/P3,0.01,1024,512,296,0.0019569471624266144,0.07759254561167368,0.07750474132010454,0.0011316073068226632,True,800,True,0.0,3.5328410462547133,0.0005141499095144231,0.09432355330850739,False,1024,951,2,1,436,0,0,393,0.0,0,62,2,446,1,1024,1024,0.0,0.022271714922048998,1.0,512,
T2_stone_wales,K3,R2,P3,K3/R2/P3,0.01,1024,768,444,0.001303780964797914,0.07745888705633944,0.07740278332435863,0.0007243033577283939,True,800,True,0.0,2.868077089108804,0.00016959496934315754,0.07566229061404442,False,1024,951,2,1,442,0,0,393,0.0,0,62,2,446,1,1024,1024,0.0,0.008908685968819599,1.0,768,-0.0017547544574759112
T2_stone_wales,K3,R2,P4,K3/R2/P4,0.01,1024,256,148,0.00392156862745098,0.07792287253086913,0.07781015402742543,0.0014465393764718792,True,800,True,0.0,3.5630808332996837,0.028329016345884347,0.10621860045915996,False,1024,941,2,1,442,0,0,388,0.0,0,68,2,446,1,1024,1024,0.0,0.008908685968819599,1.0,256,
T2_stone_wales,K3,R2,P4,K3/R2/P4,0.01,1024,384,222,0.0026109660574412533,0.07768826174854401,0.07760590089939186,0.0010601453462652415,True,800,True,2.220446049250313e-16,3.3217325555302084,0.004571746736653396,0.0912609394554027,False,1024,952,2,1,442,0,0,392,0.0,0,62,2,446,1,1024,1024,0.0,0.008908685968819599,1.0,384,
T2_stone_wales,K3,R2,P4,K3/R2/P4,0.01,1024,512,296,0.0019569471624266144,0.07759254561167368,0.07750474132010454,0.0011316073068226632,True,800,True,0.0,3.5328410462547133,0.0005141499095144231,0.09432355330850739,False,1024,951,2,1,436,0,0,393,0.0,0,62,2,446,1,1024,1024,0.0,0.022271714922048998,1.0,512,
T2_stone_wales,K3,R2,P4,K3/R2/P4,0.01,1024,768,444,0.001303780964797914,0.07745888705633944,0.07740278332435863,0.0007243033577283939,True,800,True,0.0,2.868077089108804,0.00016959496934315754,0.07566229061404442,False,1024,951,2,1,442,0,0,393,0.0,0,62,2,446,1,1024,1024,0.0,0.008908685968819599,1.0,768,-0.053794950703858896
T3_dislocation_dipole,K2,R2,P3,K2/R2/P3,0.01,856,256,100,0.00392156862745098,0.07008869376682943,0.05274306726260438,0.24748109248447908,False,20000,True,1.328117263102991e-16,58.00283431609941,0.0005270783832943874,0.8481148264162581,False,856,861,0,0,362,0,0,366,1.0,16,27,0,356,0,856,856,0.0,0.016853932584269662,1.0,256,
T3_dislocation_dipole,K2,R2,P3,K2/R2/P3,0.01,856,384,148,0.0026109660574412533,0.07059443310208027,0.05190269475103906,0.26477637867015336,False,20000,True,0.0,66.82948420458813,0.0017103174752969047,0.8589639411519223,False,856,861,0,0,361,0,0,366,1.0,16,27,0,356,0,856,856,0.0,0.014044943820224719,1.0,384,
T3_dislocation_dipole,K2,R2,P3,K2/R2/P3,0.01,856,512,198,0.0019569471624266144,0.0713874137342829,0.05201223945298128,0.2714088278000879,False,20000,True,2.656234526205982e-16,70.51326198912491,0.0007853709516194654,0.8626674265811761,False,856,862,0,0,361,0,0,362,1.0,16,27,0,356,0,856,856,0.0,0.014044943820224719,1.0,512,
T3_dislocation_dipole,K2,R2,P3,K2/R2/P3,0.01,856,768,296,0.001303780964797914,0.07168970824528223,0.051771174542007074,0.277843698779259,False,20000,True,0.0,73.49401171945084,0.0007807046601566415,0.8660749893923217,False,856,866,0,0,364,0,0,367,1.0,16,27,0,356,0,856,856,0.0,0.02247191011235955,1.0,768,-0.3331625311547447
T3_dislocation_dipole,K3,R2,P3,K3/R2/P3,0.01,856,256,100,0.00392156862745098,0.05264100888826126,0.05257525120881224,0.0012491720967696197,True,800,True,0.0,3.5107050644670807,0.02993682036186991,0.09904272148339098,False,856,701,0,0,360,0,0,266,1.0,16,67,0,356,0,856,856,0.0,0.011235955056179775,1.0,256,
T3_dislocation_dipole,K3,R2,P3,K3/R2/P3,0.01,856,384,148,0.0026109660574412533,0.051806552798480884,0.05173837542010339,0.0013159991293512743,True,800,True,0.0,3.999172379768708,0.00435671554538741,0.10214914542110286,False,856,679,0,0,364,0,0,258,1.0,16,67,0,356,0,856,856,0.0,0.02247191011235955,1.0,384,
T3_dislocation_dipole,K3,R2,P3,K3/R2/P3,0.01,856,512,198,0.0019569471624266144,0.051894257185644284,0.05184463438918887,0.0009562290539759769,True,800,True,0.0,3.5252745928385125,0.001125289947087682,0.08725865521394698,False,856,696,0,0,368,0,0,252,1.0,16,67,0,356,0,856,856,0.0,0.033707865168539325,1.0,512,
T3_dislocation_dipole,K3,R2,P3,K3/R2/P3,0.01,856,768,296,0.001303780964797914,0.051651182062043076,0.051602592883753594,0.0009407176438114629,True,800,True,2.656234526205982e-16,3.5810125309483714,0.0008856301278274312,0.08662937361863239,False,856,702,0,0,356,0,0,269,1.0,16,66,0,356,0,856,856,0.0,0.0,1.0,768,-0.33449366041514567
T3_dislocation_dipole,K3,R2,P4,K3/R2/P4,0.01,856,256,100,0.00392156862745098,0.05264100888826126,0.05257525120881224,0.0012491720967696197,True,800,True,0.0,3.5107050644670807,0.02993682036186991,0.09904272148339098,False,856,701,0,0,360,0,0,266,1.0,16,67,0,356,0,856,856,0.0,0.011235955056179775,1.0,256,
T3_dislocation_dipole,K3,R2,P4,K3/R2/P4,0.01,856,384,148,0.0026109660574412533,0.051806552798480884,0.05173837542010339,0.0013159991293512743,True,800,True,0.0,3.999172379768708,0.00435671554538741,0.10214914542110286,False,856,679,0,0,364,0,0,258,1.0,16,67,0,356,0,856,856,0.0,0.02247191011235955,1.0,384,
T3_dislocation_dipole,K3,R2,P4,K3/R2/P4,0.01,856,512,198,0.0019569471624266144,0.051894257185644284,0.05184463438918887,0.0009562290539759769,True,800,True,0.0,3.5252745928385125,0.001125289947087682,0.08725865521394698,False,856,696,0,0,368,0,0,252,1.0,16,67,0,356,0,856,856,0.0,0.033707865168539325,1.0,512,
T3_dislocation_dipole,K3,R2,P4,K3/R2/P4,0.01,856,768,296,0.001303780964797914,0.051651182062043076,0.051602592883753594,0.0009407176438114629,True,800,True,2.656234526205982e-16,3.5810125309483714,0.0008856301278274312,0.08662937361863239,False,856,702,0,0,356,0,0,269,1.0,16,66,0,356,0,856,856,0.0,0.0,1.0,768,-0.36918762031112845
T4_low_angle_gb,K2,R2,P3,K2/R2/P3,0.01,862,256,100,0.00392156862745098,0.06977967101370716,0.05272150892777768,0.24445747361833595,True,19800,True,1.3188728273969376e-16,59.219246322452115,0.0006604062514746697,0.8475612651096971,False,862,863,2,1,357,2,1,356,1.0,12,11,1,351,0,862,862,0.0,0.027932960893854747,3.0,256,
T4_low_angle_gb,K2,R2,P3,K2/R2/P3,0.01,862,384,148,0.0026109660574412533,0.07045906146229507,0.05188772398836899,0.26357628229073427,True,14200,True,2.6377456547938753e-16,69.02259477282928,0.0006685899395879362,0.8593735573429576,False,862,864,1,1,355,1,0,358,0.5,11,19,1,351,0,862,862,0.0,0.01675977653631285,2.0,384,
T4_low_angle_gb,K2,R2,P3,K2/R2/P3,0.01,862,512,198,0.0019569471624266144,0.07134637956727845,0.05200050540198397,0.2711542517311848,True,14400,True,1.3188728273969376e-16,72.68267960951756,0.0003748439334685742,0.8633651252957242,False,862,864,1,0,351,1,1,360,2.0,12,19,1,351,0,862,862,0.0,0.0,1.0,512,
T4_low_angle_gb,K2,R2,P3,K2/R2/P3,0.01,862,768,296,0.001303780964797914,0.07138179355115518,0.05175822864379006,0.2749099445547281,True,13000,True,1.3188728273969376e-16,75.34628888802385,0.0003365435632004648,0.8654760279180921,False,862,863,1,1,358,1,1,356,1.0,11,11,1,351,0,862,862,0.0,0.025139664804469275,2.0,768,-0.3333292805104495
T4_low_angle_gb,K3,R2,P3,K3/R2/P3,0.01,862,256,100,0.00392156862745098,0.05266296765336185,0.05257506581949845,0.0016691393930168108,True,1000,True,2.6377456547938753e-16,4.149597097740651,0.026585428937979754,0.11570169255255014,False,862,674,2,1,357,1,0,256,0.3333333333333333,14,93,1,351,0,862,862,0.0,0.036312849162011177,3.0,256,
T4_low_angle_gb,K3,R2,P3,K3/R2/P3,0.01,862,384,148,0.0026109660574412533,0.05184443797139071,0.05173853696863545,0.0020426685465025026,True,800,True,1.3188728273969376e-16,5.155321264371552,0.001639797353062392,0.12731980359496706,False,862,732,1,0,345,0,0,287,0.0,11,88,1,351,0,862,862,0.0,0.019553072625698324,1.0,384,
T4_low_angle_gb,K3,R2,P3,K3/R2/P3,0.01,862,512,198,0.0019569471624266144,0.051910248013954705,0.05184453763347502,0.001265846012949534,True,800,True,2.6377456547938753e-16,4.1729200848024295,0.0005091478017570758,0.10055206214923385,False,862,731,1,0,360,0,0,288,0.0,12,96,1,351,0,862,862,0.0,0.025139664804469275,1.0,512,
T4_low_angle_gb,K3,R2,P3,K3/R2/P3,0.01,862,768,296,0.001303780964797914,0.05165362752086976,0.051602121499812525,0.000997142379524497,True,800,True,1.3188728273969376e-16,3.7815985774979124,0.00032261754693234667,0.08944027029631858,False,862,735,1,1,352,0,0,284,0.0,11,95,1,351,0,862,862,0.0,0.008379888268156424,2.0,768,-0.33449973974146685
T4_low_angle_gb,K3,R2,P4,K3/R2/P4,0.01,862,256,100,0.00392156862745098,0.05266296765336185,0.05257506581949845,0.0016691393930168108,True,1000,True,2.6377456547938753e-16,4.149597097740651,0.026585428937979754,0.11570169255255014,False,862,674,2,1,357,1,0,256,0.3333333333333333,14,93,1,351,0,862,862,0.0,0.036312849162011177,3.0,256,
T4_low_angle_gb,K3,R2,P4,K3/R2/P4,0.01,862,384,148,0.0026109660574412533,0.05184443797139071,0.05173853696863545,0.0020426685465025026,True,800,True,1.3188728273969376e-16,5.155321264371552,0.001639797353062392,0.12731980359496706,False,862,732,1,0,345,0,0,287,0.0,11,88,1,351,0,862,862,0.0,0.019553072625698324,1.0,384,
T4_low_angle_gb,K3,R2,P4,K3/R2/P4,0.01,862,512,198,0.0019569471624266144,0.051910248013954705,0.05184453763347502,0.001265846012949534,True,800,True,2.6377456547938753e-16,4.1729200848024295,0.0005091478017570758,0.10055206214923385,False,862,731,1,0,360,0,0,288,0.0,12,96,1,351,0,862,862,0.0,0.025139664804469275,1.0,512,
T4_low_angle_gb,K3,R2,P4,K3/R2/P4,0.01,862,768,296,0.001303780964797914,0.05165362752086976,0.051602121499812525,0.000997142379524497,True,800,True,1.3188728273969376e-16,3.7815985774979124,0.00032261754693234667,0.08944027029631858,False,862,735,1,1,352,0,0,284,0.0,11,95,1,351,0,862,862,0.0,0.008379888268156424,2.0,768,-0.3691933827119885
T5_high_angle_gb,K2,R2,P3,K2/R2/P3,0.01,861,256,100,0.00392156862745098,0.06973314465556912,0.05273059800641489,0.2438230303987352,False,20000,True,1.3204046192986763e-16,58.84160711557148,0.0006891990997058418,0.8465623734621243,False,861,861,0,0,346,0,0,351,1.0,19,23,1,356,0,861,861,0.0,0.0748663101604278,0.0,256,
T5_high_angle_gb,K2,R2,P3,K2/R2/P3,0.01,861,384,148,0.0026109660574412533,0.07043392131692626,0.051892715964337165,0.26324255423974785,True,16800,True,1.3204046192986763e-16,68.69469665203597,0.0006063239504400084,0.8588565275030906,False,860,860,1,0,356,1,0,361,1.0,10,8,1,356,0,861,860,0.0011614401858304297,0.01871657754010695,1.0,384,
T5_high_angle_gb,K2,R2,P3,K2/R2/P3,0.01,861,512,198,0.0019569471624266144,0.07108765943564607,0.05200273821654709,0.2684702432266193,True,16800,True,3.961213857896029e-16,71.9270727029252,0.00041141994172012424,0.8616562343200875,False,861,861,1,0,356,2,0,357,2.0,17,15,1,356,0,861,861,0.0,0.0106951871657754,1.0,512,
T5_high_angle_gb,K2,R2,P3,K2/R2/P3,0.01,861,768,296,0.001303780964797914,0.071374312699632,0.05176214795852115,0.2747790346317684,True,15400,True,1.3204046192986763e-16,75.1085372660028,0.00033674436072525613,0.8651385809503029,False,861,862,1,0,355,1,0,356,1.0,18,17,1,356,0,861,861,0.0,0.0053475935828877,1.0,768,-0.33327879786372555
T5_high_angle_gb,K3,R2,P3,K3/R2/P3,0.01,861,256,100,0.00392156862745098,0.052685317940399906,0.0525762956443828,0.0020693107734575705,True,1000,True,0.0,4.649020406882846,0.019396043458978076,0.12850947701448753,False,860,660,0,0,350,0,0,256,1.0,20,109,1,356,0,861,860,0.0011614401858304297,0.06417112299465241,0.0,256,
T5_high_angle_gb,K3,R2,P3,K3/R2/P3,0.01,861,384,148,0.0026109660574412533,0.05183321011108323,0.051738735310400324,0.0018226692979353978,True,800,True,2.6408092385973526e-16,4.856148657156021,0.0020007272984866225,0.1202327105477615,False,859,714,1,0,355,0,0,280,0.0,11,108,1,356,0,861,859,0.0023228803716608595,0.02406417112299465,1.0,384,
T5_high_angle_gb,K3,R2,P3,K3/R2/P3,0.01,861,512,198,0.0019569471624266144,0.05191773211221365,0.05184503334537233,0.0014002685380053457,True,800,True,0.0,4.384271058282904,0.0005070791568904113,0.10562729271665047,False,860,714,1,0,356,0,0,279,0.0,18,104,1,356,0,861,860,0.0011614401858304297,0.008021390374331552,1.0,512,
T5_high_angle_gb,K3,R2,P3,K3/R2/P3,0.01,861,768,296,0.001303780964797914,0.05165383107106948,0.051602337206371474,0.0009969031072866198,True,800,True,1.3204046192986763e-16,3.7811974071035217,0.0003436861202431113,0.08937621582665628,False,860,728,1,0,354,0,0,280,0.0,19,94,1,356,0,861,860,0.0011614401858304297,0.0053475935828877,1.0,768,-0.3344969578253954
T5_high_angle_gb,K3,R2,P4,K3/R2/P4,0.01,861,256,100,0.00392156862745098,0.052685317940399906,0.0525762956443828,0.0020693107734575705,True,1000,True,0.0,4.649020406882846,0.019396043458978076,0.12850947701448753,False,860,660,0,0,350,0,0,256,1.0,20,109,1,356,0,861,860,0.0011614401858304297,0.06417112299465241,0.0,256,
T5_high_angle_gb,K3,R2,P4,K3/R2/P4,0.01,861,384,148,0.0026109660574412533,0.05183321011108323,0.051738735310400324,0.0018226692979353978,True,800,True,2.6408092385973526e-16,4.856148657156021,0.0020007272984866225,0.1202327105477615,False,859,714,1,0,355,0,0,280,0.0,11,108,1,356,0,861,859,0.0023228803716608595,0.02406417112299465,1.0,384,
T5_high_angle_gb,K3,R2,P4,K3/R2/P4,0.01,861,512,198,0.0019569471624266144,0.05191773211221365,0.05184503334537233,0.0014002685380053457,True,800,True,0.0,4.384271058282904,0.0005070791568904113,0.10562729271665047,False,860,714,1,0,356,0,0,279,0.0,18,104,1,356,0,861,860,0.0011614401858304297,0.008021390374331552,1.0,512,
T5_high_angle_gb,K3,R2,P4,K3/R2/P4,0.01,861,768,296,0.001303780964797914,0.05165383107106948,0.051602337206371474,0.0009969031072866198,True,800,True,1.3204046192986763e-16,3.7811974071035217,0.0003436861202431113,0.08937621582665628,False,860,728,1,0,354,0,0,280,0.0,19,94,1,356,0,861,860,0.0011614401858304297,0.0053475935828877,1.0,768,-0.3691907458218603
