config,case,protocol,tier,c2_h1,c2_h2,w_ratio,ringL1_init,ringL1_relaxed,healthy,nmax
base,T0_pristine,K1/R2/P3,bad,1.05,0.6,0.1,2.651685393258427,0.8179775280898877,True,0.8390940896527805
base,T0_pristine,K2/R2/P3,good,1.05,0.6,0.1,0.02247191011235955,0.0,True,0.9222265881796605
base,T0_pristine,K3/R2/P3,good,1.05,0.6,0.1,0.008988764044943821,0.02247191011235955,True,0.6926959648391875
base,T0_pristine,K3/R2/P4,good,1.05,0.6,0.1,0.008988764044943821,0.008988764044943821,True,0.667150254660939
base,T0_pristine,K4/R2/P3,bad,1.05,0.6,0.1,1.5707865168539326,1.7775280898876404,True,1.0104233783613688
base,T1_vacancy,K1/R2/P3,bad,1.05,0.6,0.1,2.892543859649123,0.7127192982456141,True,1.072955241309761
base,T1_vacancy,K2/R2/P3,good,1.05,0.6,0.1,0.015350877192982455,0.019736842105263157,True,0.9212134474669074
base,T1_vacancy,K3/R2/P3,good,1.05,0.6,0.1,0.03508771929824561,0.02631578947368421,True,0.6751691384234065
base,T1_vacancy,K3/R2/P4,good,1.05,0.6,0.1,0.03508771929824561,0.019736842105263157,True,0.6551980211193666
base,T1_vacancy,K4/R2/P3,bad,1.05,0.6,0.1,1.4824561403508771,1.7543859649122806,True,1.1010466007031032
base,T2_stone_wales,K1/R2/P3,bad,1.05,0.6,0.1,2.694877505567929,0.8396436525612472,True,0.7949934369709843
base,T2_stone_wales,K2/R2/P3,good,1.05,0.6,0.1,0.0378619153674833,0.0400890868596882,True,0.9209777006817995
base,T2_stone_wales,K3/R2/P3,good,1.05,0.6,0.1,0.0378619153674833,0.042316258351893093,True,0.7280676883420373
base,T2_stone_wales,K3/R2/P4,good,1.05,0.6,0.1,0.0378619153674833,0.013363028953229399,True,0.692092685148069
base,T2_stone_wales,K4/R2/P3,bad,1.05,0.6,0.1,1.3697104677060135,1.530066815144766,True,1.0896231035680235
base,T3_dislocation_dipole,K1/R2/P3,bad,1.05,0.6,0.1,2.292134831460674,1.9213483146067416,True,0.6465694954147705
base,T3_dislocation_dipole,K2/R2/P3,good,1.05,0.6,0.1,0.014044943820224719,0.0056179775280898875,True,1.2742609212305989
base,T3_dislocation_dipole,K3/R2/P3,good,1.05,0.6,0.1,0.008426966292134831,0.025280898876404494,True,0.8032880089683938
base,T3_dislocation_dipole,K3/R2/P4,good,1.05,0.6,0.1,0.008426966292134831,0.03089887640449438,True,0.734819321480735
base,T3_dislocation_dipole,K4/R2/P3,bad,1.05,0.6,0.1,2.3230337078651684,2.615168539325843,True,0.9129533792912341
base,T4_low_angle_gb,K1/R2/P3,bad,1.05,0.6,0.1,2.2486033519553073,2.4329608938547485,True,0.5882847384883478
base,T4_low_angle_gb,K2/R2/P3,good,1.05,0.6,0.1,0.0,0.019553072625698324,True,1.2918782045344197
base,T4_low_angle_gb,K3/R2/P3,good,1.05,0.6,0.1,0.0,0.0223463687150838,True,0.848727958330717
base,T4_low_angle_gb,K3/R2/P4,good,1.05,0.6,0.1,0.0,0.0223463687150838,True,0.7561411975574843
base,T4_low_angle_gb,K4/R2/P3,bad,1.05,0.6,0.1,1.0307262569832403,1.2513966480446927,True,0.6010081229538388
base,T5_high_angle_gb,K1/R2/P3,bad,1.05,0.6,0.1,2.0294117647058822,1.9893048128342246,True,0.4906626725672164
base,T5_high_angle_gb,K2/R2/P3,good,1.05,0.6,0.1,0.0106951871657754,0.0481283422459893,True,1.2840892085916416
base,T5_high_angle_gb,K3/R2/P3,good,1.05,0.6,0.1,0.034759358288770054,0.05080213903743316,True,0.749124488543462
base,T5_high_angle_gb,K3/R2/P4,good,1.05,0.6,0.1,0.034759358288770054,0.05614973262032086,True,0.6928841800201309
base,T5_high_angle_gb,K4/R2/P3,bad,1.05,0.6,0.1,1.0641711229946524,1.4839572192513368,True,0.7726549783846456
h1_0.95,T0_pristine,K1/R2/P3,bad,0.95,0.6,0.1,2.651685393258427,0.8404494382022472,True,0.7898867751638564
h1_0.95,T0_pristine,K2/R2/P3,good,0.95,0.6,0.1,0.02247191011235955,0.006741573033707865,True,0.852106861733511
h1_0.95,T0_pristine,K3/R2/P3,good,0.95,0.6,0.1,0.008988764044943821,0.011235955056179775,True,0.6466157649989472
h1_0.95,T0_pristine,K3/R2/P4,good,0.95,0.6,0.1,0.008988764044943821,0.01348314606741573,True,0.6251212733231974
h1_0.95,T0_pristine,K4/R2/P3,bad,0.95,0.6,0.1,1.5707865168539326,1.7730337078651686,True,1.0105459329958486
h1_0.95,T1_vacancy,K1/R2/P3,bad,0.95,0.6,0.1,2.892543859649123,0.7192982456140351,True,1.0062344105104102
h1_0.95,T1_vacancy,K2/R2/P3,good,0.95,0.6,0.1,0.015350877192982455,0.010964912280701754,True,0.8513815708688208
h1_0.95,T1_vacancy,K3/R2/P3,good,0.95,0.6,0.1,0.03508771929824561,0.019736842105263157,True,0.6309381671963682
h1_0.95,T1_vacancy,K3/R2/P4,good,0.95,0.6,0.1,0.03508771929824561,0.008771929824561403,True,0.6141686734110438
h1_0.95,T1_vacancy,K4/R2/P3,bad,0.95,0.6,0.1,1.4824561403508771,1.7960526315789473,True,1.1013624541595175
h1_0.95,T2_stone_wales,K1/R2/P3,bad,0.95,0.6,0.1,2.694877505567929,1.4031180400890868,True,0.7477818828699067
h1_0.95,T2_stone_wales,K2/R2/P3,good,0.95,0.6,0.1,0.0378619153674833,0.015590200445434299,True,0.8508196694487719
h1_0.95,T2_stone_wales,K3/R2/P3,good,0.95,0.6,0.1,0.0378619153674833,0.053452115812917596,True,0.6783199009864755
h1_0.95,T2_stone_wales,K3/R2/P4,good,0.95,0.6,0.1,0.0378619153674833,0.004454342984409799,True,0.6479175039672384
h1_0.95,T2_stone_wales,K4/R2/P3,bad,0.95,0.6,0.1,1.3697104677060135,1.5501113585746102,True,1.0909723148005983
h1_0.95,T3_dislocation_dipole,K1/R2/P3,bad,0.95,0.6,0.1,2.292134831460674,1.7078651685393258,True,0.6516288266678909
h1_0.95,T3_dislocation_dipole,K2/R2/P3,good,0.95,0.6,0.1,0.014044943820224719,0.025280898876404494,True,1.1343079819556845
h1_0.95,T3_dislocation_dipole,K3/R2/P3,good,0.95,0.6,0.1,0.008426966292134831,0.019662921348314606,True,0.7231872488629467
h1_0.95,T3_dislocation_dipole,K3/R2/P4,good,0.95,0.6,0.1,0.008426966292134831,0.03089887640449438,True,0.6673590811149552
h1_0.95,T3_dislocation_dipole,K4/R2/P3,bad,0.95,0.6,0.1,2.3230337078651684,2.603932584269663,True,0.9138004485289594
h1_0.95,T4_low_angle_gb,K1/R2/P3,bad,0.95,0.6,0.1,2.2486033519553073,2.4664804469273744,True,0.579121534143412
h1_0.95,T4_low_angle_gb,K2/R2/P3,good,0.95,0.6,0.1,0.0,0.025139664804469275,True,1.1492576596662072
h1_0.95,T4_low_angle_gb,K3/R2/P3,good,0.95,0.6,0.1,0.0,0.030726256983240222,True,0.7621126924467421
h1_0.95,T4_low_angle_gb,K3/R2/P4,good,0.95,0.6,0.1,0.0,0.019553072625698324,True,0.6862057800734074
h1_0.95,T4_low_angle_gb,K4/R2/P3,bad,0.95,0.6,0.1,1.0307262569832403,1.1983240223463687,True,0.5934070129723794
h1_0.95,T5_high_angle_gb,K1/R2/P3,bad,0.95,0.6,0.1,2.0294117647058822,1.96524064171123,True,0.48542906789848744
h1_0.95,T5_high_angle_gb,K2/R2/P3,good,0.95,0.6,0.1,0.0106951871657754,0.07219251336898395,True,1.1421148753385175
h1_0.95,T5_high_angle_gb,K3/R2/P3,good,0.95,0.6,0.1,0.034759358288770054,0.053475935828877004,True,0.6755388596533708
h1_0.95,T5_high_angle_gb,K3/R2/P4,good,0.95,0.6,0.1,0.034759358288770054,0.05080213903743316,True,0.6298188384690266
h1_0.95,T5_high_angle_gb,K4/R2/P3,bad,0.95,0.6,0.1,1.0641711229946524,1.4197860962566844,True,0.7723513450511765
h1_1.15,T0_pristine,K1/R2/P3,bad,1.15,0.6,0.1,2.651685393258427,0.8089887640449438,True,0.8924195374077128
h1_1.15,T0_pristine,K2/R2/P3,good,1.15,0.6,0.1,0.02247191011235955,0.015730337078651686,True,1.0010508666334905
h1_1.15,T0_pristine,K3/R2/P3,good,1.15,0.6,0.1,0.008988764044943821,0.015730337078651686,True,0.7448602432472637
h1_1.15,T0_pristine,K3/R2/P4,good,1.15,0.6,0.1,0.008988764044943821,0.01348314606741573,True,0.714751782133674
h1_1.15,T0_pristine,K4/R2/P3,bad,1.15,0.6,0.1,1.5707865168539326,1.7932584269662921,True,1.010307839257796
h1_1.15,T1_vacancy,K1/R2/P3,bad,1.15,0.6,0.1,2.892543859649123,0.706140350877193,True,1.150010523204761
h1_1.15,T1_vacancy,K2/R2/P3,good,1.15,0.6,0.1,0.015350877192982455,0.017543859649122806,True,0.9997162771982465
h1_1.15,T1_vacancy,K3/R2/P3,good,1.15,0.6,0.1,0.03508771929824561,0.017543859649122806,True,0.7252550768169646
h1_1.15,T1_vacancy,K3/R2/P4,good,1.15,0.6,0.1,0.03508771929824561,0.03728070175438596,True,0.7016719522532124
h1_1.15,T1_vacancy,K4/R2/P3,bad,1.15,0.6,0.1,1.4824561403508771,1.7785087719298245,True,1.1009593364359982
h1_1.15,T2_stone_wales,K1/R2/P3,bad,1.15,0.6,0.1,2.694877505567929,0.8240534521158129,True,0.845759016362998
h1_1.15,T2_stone_wales,K2/R2/P3,good,1.15,0.6,0.1,0.0378619153674833,0.026726057906458798,True,0.9996115839905408
h1_1.15,T2_stone_wales,K3/R2/P3,good,1.15,0.6,0.1,0.0378619153674833,0.031180400890868598,True,0.7843136144734557
h1_1.15,T2_stone_wales,K3/R2/P4,good,1.15,0.6,0.1,0.0378619153674833,0.008908685968819599,True,0.7420840916888037
h1_1.15,T2_stone_wales,K4/R2/P3,bad,1.15,0.6,0.1,1.3697104677060135,1.5679287305122493,True,1.0880979319831792
h1_1.15,T3_dislocation_dipole,K1/R2/P3,bad,1.15,0.6,0.1,2.292134831460674,1.896067415730337,True,0.6407134615187959
h1_1.15,T3_dislocation_dipole,K2/R2/P3,good,1.15,0.6,0.1,0.014044943820224719,0.0,True,1.4330620457268703
h1_1.15,T3_dislocation_dipole,K3/R2/P3,good,1.15,0.6,0.1,0.008426966292134831,0.025280898876404494,True,0.8970138996622784
h1_1.15,T3_dislocation_dipole,K3/R2/P4,good,1.15,0.6,0.1,0.008426966292134831,0.03932584269662921,True,0.8140429885882363
h1_1.15,T3_dislocation_dipole,K4/R2/P3,bad,1.15,0.6,0.1,2.3230337078651684,2.6320224719101124,True,0.9121055472871776
h1_1.15,T4_low_angle_gb,K1/R2/P3,bad,1.15,0.6,0.1,2.2486033519553073,2.3966480446927374,True,0.5980136076187564
h1_1.15,T4_low_angle_gb,K2/R2/P3,good,1.15,0.6,0.1,0.0,0.027932960893854747,True,1.4529656406241018
h1_1.15,T4_low_angle_gb,K3/R2/P3,good,1.15,0.6,0.1,0.0,0.027932960893854747,True,0.9498349728750344
h1_1.15,T4_low_angle_gb,K3/R2/P4,good,1.15,0.6,0.1,0.0,0.013966480446927373,True,0.8382787915181912
h1_1.15,T4_low_angle_gb,K4/R2/P3,bad,1.15,0.6,0.1,1.0307262569832403,1.3016759776536313,True,0.6094073560367719
h1_1.15,T5_high_angle_gb,K1/R2/P3,bad,1.15,0.6,0.1,2.0294117647058822,1.9705882352941178,True,0.49620294146461086
h1_1.15,T5_high_angle_gb,K2/R2/P3,good,1.15,0.6,0.1,0.0106951871657754,0.058823529411764705,True,1.444472750331009
h1_1.15,T5_high_angle_gb,K3/R2/P3,good,1.15,0.6,0.1,0.034759358288770054,0.06951871657754011,True,0.835600602038906
h1_1.15,T5_high_angle_gb,K3/R2/P4,good,1.15,0.6,0.1,0.034759358288770054,0.06417112299465241,True,0.7672048008193341
h1_1.15,T5_high_angle_gb,K4/R2/P3,bad,1.15,0.6,0.1,1.0641711229946524,1.5080213903743316,True,0.773509857335077
h2_0.40,T0_pristine,K1/R2/P3,bad,1.05,0.4,0.1,2.651685393258427,0.8539325842696629,True,0.8266057255156127
h2_0.40,T0_pristine,K2/R2/P3,good,1.05,0.4,0.1,0.02247191011235955,0.02247191011235955,True,0.8689059221456618
h2_0.40,T0_pristine,K3/R2/P3,good,1.05,0.4,0.1,0.008988764044943821,0.02247191011235955,True,0.6488145029265502
h2_0.40,T0_pristine,K3/R2/P4,good,1.05,0.4,0.1,0.008988764044943821,0.02696629213483146,True,0.6232215074978382
h2_0.40,T0_pristine,K4/R2/P3,bad,1.05,0.4,0.1,1.5707865168539326,1.7730337078651686,True,1.0112670683545066
h2_0.40,T1_vacancy,K1/R2/P3,bad,1.05,0.4,0.1,2.892543859649123,0.7192982456140351,True,1.0505963907122324
h2_0.40,T1_vacancy,K2/R2/P3,good,1.05,0.4,0.1,0.015350877192982455,0.008771929824561403,True,0.8676522829048441
h2_0.40,T1_vacancy,K3/R2/P3,good,1.05,0.4,0.1,0.03508771929824561,0.02631578947368421,True,0.6321172217906329
h2_0.40,T1_vacancy,K3/R2/P4,good,1.05,0.4,0.1,0.03508771929824561,0.008771929824561403,True,0.6120193582597284
h2_0.40,T1_vacancy,K4/R2/P3,bad,1.05,0.4,0.1,1.4824561403508771,1.7521929824561404,True,1.101464321069107
h2_0.40,T2_stone_wales,K1/R2/P3,bad,1.05,0.4,0.1,2.694877505567929,1.3853006681514477,True,0.7836066457743165
h2_0.40,T2_stone_wales,K2/R2/P3,good,1.05,0.4,0.1,0.0378619153674833,0.013363028953229399,True,0.8679842218296665
h2_0.40,T2_stone_wales,K3/R2/P3,good,1.05,0.4,0.1,0.0378619153674833,0.0200445434298441,True,0.6827020869642758
h2_0.40,T2_stone_wales,K3/R2/P4,good,1.05,0.4,0.1,0.0378619153674833,0.015590200445434299,True,0.6469345727337754
h2_0.40,T2_stone_wales,K4/R2/P3,bad,1.05,0.4,0.1,1.3697104677060135,1.621380846325167,True,1.0897637476986046
h2_0.40,T3_dislocation_dipole,K1/R2/P3,bad,1.05,0.4,0.1,2.292134831460674,2.4634831460674156,True,0.6477417018150893
h2_0.40,T3_dislocation_dipole,K2/R2/P3,good,1.05,0.4,0.1,0.014044943820224719,0.033707865168539325,True,1.2136411789310193
h2_0.40,T3_dislocation_dipole,K3/R2/P3,good,1.05,0.4,0.1,0.008426966292134831,0.03651685393258427,True,0.7607844078734116
h2_0.40,T3_dislocation_dipole,K3/R2/P4,good,1.05,0.4,0.1,0.008426966292134831,0.016853932584269662,True,0.694396788875047
h2_0.40,T3_dislocation_dipole,K4/R2/P3,bad,1.05,0.4,0.1,2.3230337078651684,2.581460674157303,True,0.9127121021057026
h2_0.40,T4_low_angle_gb,K1/R2/P3,bad,1.05,0.4,0.1,2.2486033519553073,2.377094972067039,True,0.592851566744146
h2_0.40,T4_low_angle_gb,K2/R2/P3,good,1.05,0.4,0.1,0.0,0.019553072625698324,True,1.2278067777382329
h2_0.40,T4_low_angle_gb,K3/R2/P3,good,1.05,0.4,0.1,0.0,0.025139664804469275,True,0.8018108692313162
h2_0.40,T4_low_angle_gb,K3/R2/P4,good,1.05,0.4,0.1,0.0,0.027932960893854747,True,0.7123106602295577
h2_0.40,T4_low_angle_gb,K4/R2/P3,bad,1.05,0.4,0.1,1.0307262569832403,1.2318435754189945,True,0.6057421376557455
h2_0.40,T5_high_angle_gb,K1/R2/P3,bad,1.05,0.4,0.1,2.0294117647058822,1.9893048128342246,True,0.49665203022977045
h2_0.40,T5_high_angle_gb,K2/R2/P3,good,1.05,0.4,0.1,0.0106951871657754,0.06149732620320856,True,1.2196090898070173
h2_0.40,T5_high_angle_gb,K3/R2/P3,good,1.05,0.4,0.1,0.034759358288770054,0.06951871657754011,True,0.706747688671703
h2_0.40,T5_high_angle_gb,K3/R2/P4,good,1.05,0.4,0.1,0.034759358288770054,0.06417112299465241,True,0.6520250189659175
h2_0.40,T5_high_angle_gb,K4/R2/P3,bad,1.05,0.4,0.1,1.0641711229946524,1.4572192513368984,True,0.7724146979353056
h2_0.80,T0_pristine,K1/R2/P3,bad,1.05,0.8,0.1,2.651685393258427,0.802247191011236,True,0.8557322520951709
h2_0.80,T0_pristine,K2/R2/P3,good,1.05,0.8,0.1,0.02247191011235955,0.015730337078651686,True,0.9979057355378326
h2_0.80,T0_pristine,K3/R2/P3,good,1.05,0.8,0.1,0.008988764044943821,0.02696629213483146,True,0.7600035488133305
h2_0.80,T0_pristine,K3/R2/P4,good,1.05,0.8,0.1,0.008988764044943821,0.011235955056179775,True,0.735398974856496
h2_0.80,T0_pristine,K4/R2/P3,bad,1.05,0.8,0.1,1.5707865168539326,1.853932584269663,True,1.0093204346842863
h2_0.80,T1_vacancy,K1/R2/P3,bad,1.05,0.8,0.1,2.892543859649123,0.7039473684210527,True,1.100980260041772
h2_0.80,T1_vacancy,K2/R2/P3,good,1.05,0.8,0.1,0.015350877192982455,0.013157894736842105,True,0.9975483256487602
h2_0.80,T1_vacancy,K3/R2/P3,good,1.05,0.8,0.1,0.03508771929824561,0.019736842105263157,True,0.7417097847213034
h2_0.80,T1_vacancy,K3/R2/P4,good,1.05,0.8,0.1,0.03508771929824561,0.017543859649122806,True,0.7226220378647571
h2_0.80,T1_vacancy,K4/R2/P3,bad,1.05,0.8,0.1,1.4824561403508771,1.9495614035087718,True,1.100905158356161
h2_0.80,T2_stone_wales,K1/R2/P3,bad,1.05,0.8,0.1,2.694877505567929,0.8151447661469933,True,0.8099371346365569
h2_0.80,T2_stone_wales,K2/R2/P3,good,1.05,0.8,0.1,0.0378619153674833,0.011135857461024499,True,0.9969309915325989
h2_0.80,T2_stone_wales,K3/R2/P3,good,1.05,0.8,0.1,0.0378619153674833,0.028953229398663696,True,0.7971074995678519
h2_0.80,T2_stone_wales,K3/R2/P4,good,1.05,0.8,0.1,0.0378619153674833,0.008908685968819599,True,0.7620381135634405
h2_0.80,T2_stone_wales,K4/R2/P3,bad,1.05,0.8,0.1,1.3697104677060135,1.4966592427616927,True,1.0894313200752586
h2_0.80,T3_dislocation_dipole,K1/R2/P3,bad,1.05,0.8,0.1,2.292134831460674,1.2668539325842696,True,0.6446471810209038
h2_0.80,T3_dislocation_dipole,K2/R2/P3,good,1.05,0.8,0.1,0.014044943820224719,0.06179775280898876,True,1.3547400442873498
h2_0.80,T3_dislocation_dipole,K3/R2/P3,good,1.05,0.8,0.1,0.008426966292134831,0.025280898876404494,True,0.8698889006507617
h2_0.80,T3_dislocation_dipole,K3/R2/P4,good,1.05,0.8,0.1,0.008426966292134831,0.033707865168539325,True,0.8011402318142654
h2_0.80,T3_dislocation_dipole,K4/R2/P3,bad,1.05,0.8,0.1,2.3230337078651684,2.705056179775281,True,0.9134722971369804
h2_0.80,T4_low_angle_gb,K1/R2/P3,bad,1.05,0.8,0.1,2.2486033519553073,2.14804469273743,True,0.5810268023613003
h2_0.80,T4_low_angle_gb,K2/R2/P3,good,1.05,0.8,0.1,0.0,0.025139664804469275,True,1.378105606253405
h2_0.80,T4_low_angle_gb,K3/R2/P3,good,1.05,0.8,0.1,0.0,0.030726256983240222,True,0.9213693140476389
h2_0.80,T4_low_angle_gb,K3/R2/P4,good,1.05,0.8,0.1,0.0,0.019553072625698324,True,0.8279922917482171
h2_0.80,T4_low_angle_gb,K4/R2/P3,bad,1.05,0.8,0.1,1.0307262569832403,1.2150837988826815,True,0.5929150929932373
h2_0.80,T5_high_angle_gb,K1/R2/P3,bad,1.05,0.8,0.1,2.0294117647058822,2.0,True,0.4803174898447694
h2_0.80,T5_high_angle_gb,K2/R2/P3,good,1.05,0.8,0.1,0.0106951871657754,0.058823529411764705,True,1.3702076701573302
h2_0.80,T5_high_angle_gb,K3/R2/P3,good,1.05,0.8,0.1,0.034759358288770054,0.06149732620320856,True,0.8176614723193132
h2_0.80,T5_high_angle_gb,K3/R2/P4,good,1.05,0.8,0.1,0.034759358288770054,0.0481283422459893,True,0.7615605978363358
h2_0.80,T5_high_angle_gb,K4/R2/P3,bad,1.05,0.8,0.1,1.0641711229946524,1.5026737967914439,True,0.7730831097020302
w_0.07,T0_pristine,K1/R2/P3,bad,1.05,0.6,0.07,2.651685393258427,0.8561797752808988,True,0.7571056278031187
w_0.07,T0_pristine,K2/R2/P3,good,1.05,0.6,0.07,0.02247191011235955,0.01348314606741573,True,0.8985491722686061
w_0.07,T0_pristine,K3/R2/P3,good,1.05,0.6,0.07,0.008988764044943821,0.01348314606741573,True,0.6748201829791276
w_0.07,T0_pristine,K3/R2/P4,good,1.05,0.6,0.07,0.008988764044943821,0.017977528089887642,True,0.6501777627521637
w_0.07,T0_pristine,K4/R2/P3,bad,1.05,0.6,0.07,1.5707865168539326,1.7842696629213484,True,1.013159638366121
w_0.07,T1_vacancy,K1/R2/P3,bad,1.05,0.6,0.07,2.892543859649123,0.7324561403508771,True,0.9695957738423666
w_0.07,T1_vacancy,K2/R2/P3,good,1.05,0.6,0.07,0.015350877192982455,0.02850877192982456,True,0.8982634591942684
w_0.07,T1_vacancy,K3/R2/P3,good,1.05,0.6,0.07,0.03508771929824561,0.019736842105263157,True,0.6578084296433534
w_0.07,T1_vacancy,K3/R2/P4,good,1.05,0.6,0.07,0.03508771929824561,0.006578947368421052,True,0.638552825795443
w_0.07,T1_vacancy,K4/R2/P3,bad,1.05,0.6,0.07,1.4824561403508771,1.7719298245614035,True,1.106992192661592
w_0.07,T2_stone_wales,K1/R2/P3,bad,1.05,0.6,0.07,2.694877505567929,0.9665924276169265,True,0.721149119989584
w_0.07,T2_stone_wales,K2/R2/P3,good,1.05,0.6,0.07,0.0378619153674833,0.015590200445434299,True,0.9052027554485984
w_0.07,T2_stone_wales,K3/R2/P3,good,1.05,0.6,0.07,0.0378619153674833,0.008908685968819599,True,0.7141633203773765
w_0.07,T2_stone_wales,K3/R2/P4,good,1.05,0.6,0.07,0.0378619153674833,0.013363028953229399,True,0.6782208894788653
w_0.07,T2_stone_wales,K4/R2/P3,bad,1.05,0.6,0.07,1.3697104677060135,1.5456570155902005,True,1.0876423106809203
w_0.07,T3_dislocation_dipole,K1/R2/P3,bad,1.05,0.6,0.07,2.292134831460674,2.539325842696629,True,0.642566475181714
w_0.07,T3_dislocation_dipole,K2/R2/P3,good,1.05,0.6,0.07,0.014044943820224719,0.0056179775280898875,True,1.2306499220294262
w_0.07,T3_dislocation_dipole,K3/R2/P3,good,1.05,0.6,0.07,0.008426966292134831,0.03932584269662921,True,0.7769151471754623
w_0.07,T3_dislocation_dipole,K3/R2/P4,good,1.05,0.6,0.07,0.008426966292134831,0.03089887640449438,True,0.7118058807972383
w_0.07,T3_dislocation_dipole,K4/R2/P3,bad,1.05,0.6,0.07,2.3230337078651684,2.615168539325843,True,0.9176214514377846
w_0.07,T4_low_angle_gb,K1/R2/P3,bad,1.05,0.6,0.07,2.2486033519553073,2.446927374301676,True,0.5507401724908996
w_0.07,T4_low_angle_gb,K2/R2/P3,good,1.05,0.6,0.07,0.0,0.025139664804469275,True,1.2584333480584895
w_0.07,T4_low_angle_gb,K3/R2/P3,good,1.05,0.6,0.07,0.0,0.06424581005586592,True,0.8250901738498121
w_0.07,T4_low_angle_gb,K3/R2/P4,good,1.05,0.6,0.07,0.0,0.05865921787709497,True,0.7358338225130928
w_0.07,T4_low_angle_gb,K4/R2/P3,bad,1.05,0.6,0.07,1.0307262569832403,1.3212290502793296,True,0.5890379528442495
w_0.07,T5_high_angle_gb,K1/R2/P3,bad,1.05,0.6,0.07,2.0294117647058822,1.9786096256684491,True,0.46537499591185527
w_0.07,T5_high_angle_gb,K2/R2/P3,good,1.05,0.6,0.07,0.0106951871657754,0.06417112299465241,True,1.2592760879848217
w_0.07,T5_high_angle_gb,K3/R2/P3,good,1.05,0.6,0.07,0.034759358288770054,0.06417112299465241,True,0.734989590492677
w_0.07,T5_high_angle_gb,K3/R2/P4,good,1.05,0.6,0.07,0.034759358288770054,0.053475935828877004,True,0.6801821096359997
w_0.07,T5_high_angle_gb,K4/R2/P3,bad,1.05,0.6,0.07,1.0641711229946524,1.4732620320855614,True,0.7720458169032525
w_0.13,T0_pristine,K1/R2/P3,bad,1.05,0.6,0.13,2.651685393258427,0.8134831460674158,True,0.8884623935622977
w_0.13,T0_pristine,K2/R2/P3,good,1.05,0.6,0.13,0.02247191011235955,0.0,True,0.9346915874714823
w_0.13,T0_pristine,K3/R2/P3,good,1.05,0.6,0.13,0.008988764044943821,0.02247191011235955,True,0.7022214101159873
w_0.13,T0_pristine,K3/R2/P4,good,1.05,0.6,0.13,0.008988764044943821,0.017977528089887642,True,0.6761942620271011
w_0.13,T0_pristine,K4/R2/P3,bad,1.05,0.6,0.13,1.5707865168539326,1.806741573033708,True,1.0073171424389635
w_0.13,T1_vacancy,K1/R2/P3,bad,1.05,0.6,0.13,2.892543859649123,0.7083333333333334,True,1.1487714004764946
w_0.13,T1_vacancy,K2/R2/P3,good,1.05,0.6,0.13,0.015350877192982455,0.013157894736842105,True,0.933649946917583
w_0.13,T1_vacancy,K3/R2/P3,good,1.05,0.6,0.13,0.03508771929824561,0.05482456140350877,True,0.6844189238391398
w_0.13,T1_vacancy,K3/R2/P4,good,1.05,0.6,0.13,0.03508771929824561,0.019736842105263157,True,0.6640088680324663
w_0.13,T1_vacancy,K4/R2/P3,bad,1.05,0.6,0.13,1.4824561403508771,1.831140350877193,True,1.0944139409656315
w_0.13,T2_stone_wales,K1/R2/P3,bad,1.05,0.6,0.13,2.694877505567929,0.8262806236080178,True,0.8390273316442008
w_0.13,T2_stone_wales,K2/R2/P3,good,1.05,0.6,0.13,0.0378619153674833,0.011135857461024499,True,0.9345241292162955
w_0.13,T2_stone_wales,K3/R2/P3,good,1.05,0.6,0.13,0.0378619153674833,0.035634743875278395,True,0.7382936977895509
w_0.13,T2_stone_wales,K3/R2/P4,good,1.05,0.6,0.13,0.0378619153674833,0.0378619153674833,True,0.7015208780375701
w_0.13,T2_stone_wales,K4/R2/P3,bad,1.05,0.6,0.13,1.3697104677060135,1.599109131403118,True,1.0905837622111836
w_0.13,T3_dislocation_dipole,K1/R2/P3,bad,1.05,0.6,0.13,2.292134831460674,1.7443820224719102,True,0.6582077014035347
w_0.13,T3_dislocation_dipole,K2/R2/P3,good,1.05,0.6,0.13,0.014044943820224719,0.02247191011235955,True,1.2994677808437196
w_0.13,T3_dislocation_dipole,K3/R2/P3,good,1.05,0.6,0.13,0.008426966292134831,0.011235955056179775,True,0.8176489097519473
w_0.13,T3_dislocation_dipole,K3/R2/P4,good,1.05,0.6,0.13,0.008426966292134831,0.028089887640449437,True,0.7470019606645489
w_0.13,T3_dislocation_dipole,K4/R2/P3,bad,1.05,0.6,0.13,2.3230337078651684,2.587078651685393,True,0.9072650403552014
w_0.13,T4_low_angle_gb,K1/R2/P3,bad,1.05,0.6,0.13,2.2486033519553073,2.374301675977654,True,0.6301169937481814
w_0.13,T4_low_angle_gb,K2/R2/P3,good,1.05,0.6,0.13,0.0,0.03910614525139665,True,1.3074982819641834
w_0.13,T4_low_angle_gb,K3/R2/P3,good,1.05,0.6,0.13,0.0,0.01675977653631285,True,0.8589593723106458
w_0.13,T4_low_angle_gb,K3/R2/P4,good,1.05,0.6,0.13,0.0,0.019553072625698324,True,0.7647809056319114
w_0.13,T4_low_angle_gb,K4/R2/P3,bad,1.05,0.6,0.13,1.0307262569832403,1.2458100558659218,True,0.6137926085995609
w_0.13,T5_high_angle_gb,K1/R2/P3,bad,1.05,0.6,0.13,2.0294117647058822,2.0401069518716577,True,0.526441873924973
w_0.13,T5_high_angle_gb,K2/R2/P3,good,1.05,0.6,0.13,0.0106951871657754,0.058823529411764705,True,1.2976824023473794
w_0.13,T5_high_angle_gb,K3/R2/P3,good,1.05,0.6,0.13,0.034759358288770054,0.0748663101604278,True,0.7576144887416588
w_0.13,T5_high_angle_gb,K3/R2/P4,good,1.05,0.6,0.13,0.034759358288770054,0.06149732620320856,True,0.7008841711633523
w_0.13,T5_high_angle_gb,K4/R2/P3,bad,1.05,0.6,0.13,1.0641711229946524,1.4197860962566844,True,0.7723032294251471
