case,K,R,P,protocol,n_atoms,nx,ny,dx,F_init,F_final,rel_drop,converged,steps,conservation,roughness_init,highk_init,l2_change,r1_fell_back,n_atoms_init,n_atoms_relaxed,n5_init,n7_init,n6_init,n5_relaxed,n7_relaxed,n6_relaxed,tau_57,coord_defects_init,coord_defects_relaxed,seed,Ef_rel
T0_pristine,K1,R2,P1,K1/R2/P1,1024,110,64,0.009174311926605505,740961977261.3174,2.665107748130099e+27,-3596821199895641.0,False,200,0.0,137995.4566229843,0.03258359177097111,5845.110578995674,False,905,1036,0,0,76,9,3,103,nan,477,593,0,0.0
T0_pristine,K1,R2,P2,K1/R2/P2,1024,110,64,0.009174311926605505,0.12122265768928105,0.07488614712007899,0.3822429853664172,False,300,0.0,35.457739959014084,0.2795786691509795,0.7262430417866403,False,0,2,0,0,0,0,0,0,1.0,0,0,0,0.0
T0_pristine,K1,R2,P3,K1/R2/P3,1024,110,64,0.009174311926605505,0.11194702437314864,0.08249910317638967,0.26305229068529207,False,300,0.0,41.66777721520473,0.0325835917709711,0.6091268217726397,False,902,865,0,0,76,0,0,65,1.0,478,489,0,0.0
T0_pristine,K1,R2,P4,K1/R2/P4,1024,110,64,0.009174311926605505,0.18275131768670907,0.1700208081446543,0.06966028865454585,False,300,0.0,26.627138848455473,0.13998865736693752,0.46230782618748756,False,902,849,0,0,76,4,0,124,nan,478,314,0,0.0
T0_pristine,K2,R2,P1,K2/R2/P1,1024,110,64,0.009174311926605505,1655070288980.0493,2.2817883172657705e+30,-1.378665505905457e+18,False,200,0.0,136385.75304806785,0.3380997580135453,25240.35885603831,False,994,743,0,0,174,1,0,2,nan,389,405,0,0.0
T0_pristine,K2,R2,P2,K2/R2/P2,1024,110,64,0.009174311926605505,0.002664877669014596,0.0008587253162906488,0.677761825139169,False,300,0.0,1.4909149721217283,0.300384394998275,0.6716447205548655,False,0,716,0,0,0,0,0,12,1.0,0,398,0,0.0
T0_pristine,K2,R2,P3,K2/R2/P3,1024,110,64,0.009174311926605505,0.09449376647580818,0.0804752026643802,0.1483543765293443,False,300,0.0,23.656766591139704,0.3380997580135453,0.6115587799346971,False,994,964,0,0,174,0,0,132,1.0,389,374,0,0.0
T0_pristine,K2,R2,P4,K2/R2/P4,1024,110,64,0.009174311926605505,0.10585136075408937,0.09340736422345455,0.11756104448713063,False,300,0.0,21.495037509495283,0.4177321877549375,0.5954143829931083,False,994,1008,0,0,174,0,0,134,1.0,389,417,0,0.0
T0_pristine,K3,R2,P1,K3/R2/P1,1024,110,64,0.009174311926605505,1849594871493.0981,1.630915769382527e+31,-8.817691887661643e+18,False,200,2.220446049250313e-16,139061.13777659438,0.356046184159443,29655.870518509833,False,986,739,0,0,165,6,0,1,nan,386,460,0,0.0
T0_pristine,K3,R2,P2,K3/R2/P2,1024,110,64,0.009174311926605505,0.000396747718284614,6.814742378981931e-05,0.8282348690385345,False,300,2.220446049250313e-16,0.43238741972151956,0.4531065889252234,0.7644191073904798,False,0,571,0,0,0,0,0,0,1.0,0,424,0,0.0
T0_pristine,K3,R2,P3,K3/R2/P3,1024,110,64,0.009174311926605505,0.08452613944339421,0.07959275062248816,0.05836524480347123,False,300,2.220446049250313e-16,13.992455789467886,0.356046184159443,0.47283403363327364,False,986,973,0,0,165,0,0,121,1.0,386,437,0,0.0
T0_pristine,K3,R2,P4,K3/R2/P4,1024,110,64,0.009174311926605505,0.0844754962461294,0.07953750078984383,0.05845476707112962,False,300,2.220446049250313e-16,14.0030166144299,0.35613150540272104,0.4730576589753692,False,986,972,0,0,165,0,0,121,1.0,386,437,0,0.0
T0_pristine,K4,R2,P1,K4/R2/P1,1024,110,64,0.009174311926605505,271012451984.22617,3.7519305745729e+24,-13844126153993.115,False,200,0.0,20621.852936105184,0.07082016623658122,1053.6041873783217,False,606,807,0,0,0,0,0,0,1.0,409,523,0,0.0
T0_pristine,K4,R2,P2,K4/R2/P2,1024,110,64,0.009174311926605505,0.0,0.0,0.0,True,200,0.0,0.0,0.0,0.0,False,0,0,0,0,0,0,0,0,1.0,0,0,0,nan
T0_pristine,K4,R2,P3,K4/R2/P3,1024,110,64,0.009174311926605505,0.09295454856530247,0.08645750696212523,0.06989482175380514,False,300,0.0,13.295734998521567,0.07082016623658123,0.31223981440344767,False,435,471,0,0,0,0,0,0,1.0,306,312,0,0.0
T0_pristine,K4,R2,P4,K4/R2/P4,1024,110,64,0.009174311926605505,0.1103574423020913,0.1054744415126979,0.044247136283085665,False,300,0.0,12.0765088981278,0.08308904699333367,0.292259546131316,False,435,494,0,0,0,0,0,0,1.0,306,355,0,0.0
T0_pristine,K3,R1,P2,K3/R1/P2,1024,110,64,0.009174311926605505,0.000396747718284614,6.814742378981931e-05,0.8282348690385345,False,300,2.220446049250313e-16,0.43238741972151956,0.4531065889252234,0.7644191073904798,True,0,571,0,0,0,0,0,0,1.0,0,424,0,0.0
T0_pristine,K3,R3,P2,K3/R3/P2,1024,110,64,0.009174311926605505,2.485654484794366,2.485649213123445,2.12083817478654e-06,True,200,2.220446049250313e-16,0.2732911152970762,0.7001003770369004,0.002957543256212104,False,0,0,0,0,0,0,0,0,1.0,0,0,0,0.0
T1_vacancy,K1,R2,P1,K1/R2/P1,1023,110,64,0.009174311926605505,740000801860.6136,2.663838063245142e+27,-3599777265845316.0,False,200,3.333924859871438e-16,137941.28390856044,0.03255796759883102,5846.356241688577,False,903,1037,0,0,77,11,5,100,nan,479,591,0,-0.0004764103386993538
T1_vacancy,K1,R2,P2,K1/R2/P2,1023,110,64,0.009174311926605505,5.080593918004866,1.3783884430075155,0.7286954113528514,False,200,3.333924859871438e-16,38.66319079683346,0.4943407573464716,1.2088534263489006,False,637,568,4,1,1,7,3,11,2.0,461,333,0,17.406454277815723
T1_vacancy,K1,R2,P3,K1/R2/P3,1023,110,64,0.009174311926605505,0.1119803401003234,0.08253691501596665,0.2629338780180372,False,300,3.333924859871438e-16,41.66070529980398,0.032557967598831034,0.6086457500283582,False,899,859,0,0,77,0,0,65,1.0,480,487,0,0.00045833031052630184
T1_vacancy,K1,R2,P4,K1/R2/P4,1023,110,64,0.009174311926605505,0.1828274718801085,0.17007850412013736,0.06973223240942392,False,300,3.333924859871438e-16,26.642575549471253,0.13977108586504014,0.4622410815056037,False,899,841,0,0,77,4,0,119,nan,480,316,0,0.0003393465547697197
T1_vacancy,K2,R2,P1,K2/R2/P1,1023,110,64,0.009174311926605505,1654399932454.309,2.2819586624573113e+30,-1.3793271008371092e+18,False,200,0.0,136396.76401754585,0.33795914986419495,25252.382449593144,False,994,743,0,0,174,1,0,2,nan,389,405,0,7.465424827179077e-05
T1_vacancy,K2,R2,P2,K2/R2/P2,1023,110,64,0.009174311926605505,0.00291218257402497,0.0009961306077383811,0.6579436273593195,False,300,0.0,1.617772173852908,0.2806463166993825,0.6562302879783137,False,1247,675,15,11,32,0,0,3,0.0,655,398,0,0.16001076111423898
T1_vacancy,K2,R2,P3,K2/R2/P3,1023,110,64,0.009174311926605505,0.09449395810581761,0.08048362313802812,0.14826699239437327,False,300,0.0,23.64981891749185,0.337959149864195,0.6112843475488474,False,994,962,0,0,174,0,0,130,1.0,389,376,0,0.00010463438884446065
T1_vacancy,K2,R2,P4,K2/R2/P4,1023,110,64,0.009174311926605505,0.10583519192896036,0.09339343933207273,0.11755780256192006,False,300,0.0,21.493919104205276,0.4172653485090467,0.5952128072627192,False,994,1005,0,0,174,0,0,133,1.0,389,416,0,-0.00014907701868683516
T1_vacancy,K3,R2,P1,K3/R2/P1,1023,110,64,0.009174311926605505,1852364087549.277,1.642770156748345e+31,-8.868505753217068e+18,False,200,0.0,139086.80155119573,0.3562921786938395,29724.567512858783,False,986,739,0,0,166,6,0,1,nan,387,460,0,0.0072685466584862
T1_vacancy,K3,R2,P2,K3/R2/P2,1023,110,64,0.009174311926605505,0.0006016448892868179,0.00015530138352222084,0.7418720140607974,False,300,0.0,0.7042986303519119,0.3305704748454487,0.6876000172081844,False,985,9,0,0,186,0,0,0,1.0,379,0,0,1.2789032201892514
T1_vacancy,K3,R2,P3,K3/R2/P3,1023,110,64,0.009174311926605505,0.08452517374974199,0.07959517463179244,0.05832580874126381,False,300,0.0,13.98251689512188,0.3562921786938395,0.4726901334993417,False,986,971,0,0,166,0,0,120,1.0,387,438,0,3.0455151823783792e-05
T1_vacancy,K3,R2,P4,K3/R2/P4,1023,110,64,0.009174311926605505,0.08448029802406139,0.07954617804343517,0.05840557024575009,False,300,0.0,13.991920707997613,0.3563692249629215,0.47289059447638465,False,986,970,0,0,166,0,0,120,1.0,387,438,0,0.0001090963822746738
T1_vacancy,K4,R2,P1,K4/R2/P1,1023,110,64,0.009174311926605505,270134304637.18832,3.751500154486885e+24,-13887537014320.248,False,200,0.0,20590.50626706205,0.0706707064540889,1053.9553543822176,False,612,809,0,0,0,0,0,0,1.0,416,521,0,-0.00011471962965740988
T1_vacancy,K4,R2,P2,K4/R2/P2,1023,110,64,0.009174311926605505,5.779401990306959e-05,4.234405540737499e-05,0.26732808206812436,False,300,0.0,0.07881020535184188,0.02888310310971456,0.2689226951817628,False,0,278,0,0,0,0,0,0,1.0,0,207,0,nan
T1_vacancy,K4,R2,P3,K4/R2/P3,1023,110,64,0.009174311926605505,0.09292567900832198,0.08645767492563505,0.06960405510846665,False,300,0.0,13.257492936546873,0.07067070645408893,0.31180489179027454,False,440,471,0,0,0,0,0,0,1.0,305,313,0,1.942729043718832e-06
T1_vacancy,K4,R2,P4,K4/R2/P4,1023,110,64,0.009174311926605505,0.11038653064228132,0.10553180915645345,0.04397929219788676,False,300,0.0,12.030136139585759,0.08250523602653898,0.2915344942239909,False,440,495,0,0,0,0,0,0,1.0,305,357,0,0.0005439009008513696
T1_vacancy,K3,R1,P2,K3/R1/P2,1023,110,64,0.009174311926605505,0.000629185064624551,9.673922347752838e-05,0.8462467898292296,False,300,0.0,0.7453616584527389,0.396713878041893,0.7503044865900232,True,992,789,0,0,187,0,0,18,1.0,380,538,0,0.41955804192821816
T1_vacancy,K3,R3,P2,K3/R3/P2,1023,110,64,0.009174311926605505,2.4856662388148,2.485660965994204,2.121290667994651e-06,True,200,0.0,0.2731382306476186,0.7002396554963511,0.0029578227343123728,False,0,0,0,0,0,0,0,0,1.0,0,0,0,4.7282901773824146e-06
T2_stone_wales,K1,R2,P1,K1/R2/P1,1024,110,64,0.009174311926605505,739604305524.9448,2.6811370177351006e+27,-3625096551908421.5,False,200,0.0,137598.01877473234,0.03277039470280512,5845.272462083334,False,904,1040,0,0,79,9,5,98,nan,478,592,0,0.006014492140607949
T2_stone_wales,K1,R2,P2,K1/R2/P2,1024,110,64,0.009174311926605505,117772.9231683232,27324399706564.734,-232009182.19325578,False,200,0.0,78.53730613196797,0.43540253353536723,135.3381600938917,False,636,715,2,0,1,3,0,5,1.5,459,521,0,364879230103136.9
T2_stone_wales,K1,R2,P3,K1/R2/P3,1024,110,64,0.009174311926605505,0.11179578535424901,0.08249766366387835,0.26206821301476846,False,300,0.0,41.52485052942058,0.03277039470280512,0.6084468605923123,False,902,863,0,0,79,0,0,65,1.0,478,485,0,-1.7448826179834072e-05
T2_stone_wales,K1,R2,P4,K1/R2/P4,1024,110,64,0.009174311926605505,0.1821552917373181,0.16945211066891427,0.0697381939731006,False,300,0.0,26.57786320635034,0.14042019022535784,0.4623856962423102,False,902,835,0,0,79,3,0,106,nan,478,334,0,-0.003344869854142722
T2_stone_wales,K2,R2,P1,K2/R2/P1,1024,110,64,0.009174311926605505,1661387875026.7974,2.3048738040189996e+30,-1.3873183009607695e+18,False,200,0.0,136469.03258490525,0.34021781194807654,25316.36832436954,False,996,747,0,0,174,1,0,2,nan,388,405,0,0.010117278004513635
T2_stone_wales,K2,R2,P2,K2/R2/P2,1024,110,64,0.009174311926605505,0.025184820252289464,0.0016608432904783995,0.9340537961422449,False,300,0.0,2.396088463043039,0.3445244887735764,0.7816977081689199,False,4,559,0,0,0,0,0,0,1.0,0,382,0,0.9340798029020279
T2_stone_wales,K2,R2,P3,K2/R2/P3,1024,110,64,0.009174311926605505,0.09452785267558425,0.08047968026418029,0.14861410699359395,False,300,0.0,23.67121182842256,0.34021781194807654,0.6119849340478487,False,996,965,0,0,174,0,0,131,1.0,388,377,0,5.5639497035640226e-05
T2_stone_wales,K2,R2,P4,K2/R2/P4,1024,110,64,0.009174311926605505,0.10589430207883353,0.09342064691722131,0.11779344985272343,False,300,0.0,21.5088453688492,0.41988519409328146,0.5959084690951278,False,996,1008,0,0,174,0,0,133,1.0,388,419,0,0.000142201783308863
T2_stone_wales,K3,R2,P1,K3/R2/P1,1024,110,64,0.009174311926605505,5012486663927.578,2.070161007612266e+36,-4.1300080108146826e+23,False,200,0.0,140071.54802797895,0.3872170162327123,202956.703908457,False,988,776,0,0,165,7,0,1,nan,387,491,0,126931.42940412792
T2_stone_wales,K3,R2,P2,K3/R2/P2,1024,110,64,0.009174311926605505,18.000741123596672,47.332211087882115,-1.629459018542055,False,200,0.0,3.408358400510319,0.618480734240796,2.417657593321394,False,4,88,0,0,0,0,0,0,1.0,0,73,0,694555.1322151282
T2_stone_wales,K3,R2,P3,K3/R2/P3,1024,110,64,0.009174311926605505,0.07971173882668868,0.0791776553299309,0.006700186253859003,False,300,0.0,4.460399288356472,0.3872170162327124,0.19101283515999984,False,997,979,0,0,167,0,0,121,1.0,387,438,0,-0.005215239947241869
T2_stone_wales,K3,R2,P4,K3/R2/P4,1024,110,64,0.009174311926605505,0.07971173882668868,0.0791776553299309,0.006700186253859003,False,300,0.0,4.460399288356472,0.3872170162327124,0.19101283515999984,False,997,979,0,0,167,0,0,121,1.0,387,438,0,-0.004524223873512424
T2_stone_wales,K4,R2,P1,K4/R2/P1,1024,110,64,0.009174311926605505,270920972030.86737,3.7522946203437605e+24,-13850144535565.787,False,200,0.0,20602.700440806726,0.07090632434772574,1053.7077302780397,False,616,809,0,0,0,0,0,0,1.0,413,523,0,9.702891981196922e-05
T2_stone_wales,K4,R2,P2,K4/R2/P2,1024,110,64,0.009174311926605505,1.9058418753841433e-05,8.90439249411292e-06,0.5327842981559978,False,300,0.0,0.06922231255408307,0.10024195554243955,0.4430391223839906,False,7,339,0,0,0,0,0,0,1.0,0,261,0,nan
T2_stone_wales,K4,R2,P3,K4/R2/P3,1024,110,64,0.009174311926605505,0.09293031024688608,0.08644390837796184,0.06979856035874568,False,300,0.0,13.283386617275818,0.07090632434772574,0.3123465828181642,False,436,472,0,0,0,0,0,0,1.0,307,314,0,-0.0001572863322249746
T2_stone_wales,K4,R2,P4,K4/R2/P4,1024,110,64,0.009174311926605505,0.11033312812472743,0.10546076481697468,0.044160474651318886,False,300,0.0,12.06416051688205,0.08323835908439717,0.292360259410622,False,436,495,0,0,0,0,0,0,1.0,307,358,0,-0.00012966833980886984
T2_stone_wales,K3,R1,P2,K3/R1/P2,1024,110,64,0.009174311926605505,23384237.643365048,2.9223215010202664e+21,-124969714454189.66,False,200,0.0,69.16689542392288,0.6395964815167239,3691.6937843370547,True,466,963,1,0,1,1,5,7,6.0,293,665,0,4.288234739486716e+25
T2_stone_wales,K3,R3,P2,K3/R3/P2,1024,110,64,0.009174311926605505,2.4856982890652084,2.4856930524383047,2.106702541775091e-06,True,200,0.0,0.2722346114152705,0.7003865220125698,0.002947621692120121,False,0,0,0,0,0,0,0,0,1.0,0,0,0,1.7636967689636394e-05
T3_dislocation_dipole,K1,R2,P1,K1/R2/P1,856,110,42,0.009174311926605505,407788006065.9741,4.0226080529407243e+23,-986445896666.6732,False,200,0.0,18422.639072135757,0.012118533986715044,669.4418995501283,False,1816,835,0,0,0,0,0,0,1.0,1108,702,0,-0.9998490639616442
T3_dislocation_dipole,K1,R2,P2,K1/R2/P2,856,110,42,0.009174311926605505,0.0019957374188614703,0.0008999607661105057,0.549058529641682,False,300,0.0,3.0869459984003194,0.030058481589226974,0.4602860916408347,False,679,595,0,0,0,0,0,0,1.0,585,513,0,-0.9879822797577311
T3_dislocation_dipole,K1,R2,P3,K1/R2/P3,856,110,42,0.009174311926605505,0.08558307489588543,0.06358993729523314,0.2569799884779514,False,300,0.0,24.655944304758965,0.012118533986715044,0.45040034907815435,False,1334,1675,0,0,0,0,0,0,1.0,997,908,0,-0.22920450226867584
T3_dislocation_dipole,K1,R2,P4,K1/R2/P4,856,110,42,0.009174311926605505,0.09766824881717523,0.09174835067084817,0.06061230971191555,False,300,0.0,18.782123244073325,0.028019677508040568,0.3810937281044596,False,1330,1814,0,0,0,0,0,0,1.0,993,1002,0,-0.4603698707702392
T3_dislocation_dipole,K2,R2,P1,K2/R2/P1,856,110,42,0.009174311926605505,1645330901864.6848,2.821330215314033e+30,-1.714749423423924e+18,False,200,0.0,141094.95855748627,0.2941437078979492,26103.89818871563,False,1197,1176,0,0,0,0,0,0,1.0,1036,963,0,0.2364557193871458
T3_dislocation_dipole,K2,R2,P2,K2/R2/P2,856,110,42,0.009174311926605505,0.0015119705451622969,0.0008537431201458929,0.43534407936878755,False,300,0.0,0.9180059311933929,0.051809042773933583,0.40888454136476626,False,1795,1283,0,0,0,0,0,0,1.0,1102,792,0,-0.005801850778403712
T3_dislocation_dipole,K2,R2,P3,K2/R2/P3,856,110,42,0.009174311926605505,0.06483143068856574,0.05274669596753784,0.1864024068677429,False,300,0.0,27.155557744882802,0.2941437078979491,0.6675109152704335,False,923,1489,0,0,0,0,0,0,1.0,819,1226,0,-0.34455963798542266
T3_dislocation_dipole,K2,R2,P4,K2/R2/P4,856,110,42,0.009174311926605505,0.07954728580510986,0.06997754169818883,0.12030258493503876,False,300,0.0,22.851921559340443,0.4127516733199605,0.623081759079778,False,921,1558,0,0,0,0,0,0,1.0,817,1253,0,-0.2508348535476874
T3_dislocation_dipole,K3,R2,P1,K3/R2/P1,856,110,42,0.009174311926605505,2660528687575.68,1.082544736017003e+34,-4.068908337926762e+21,False,200,2.656234526205982e-16,150974.98717750757,0.311400844782423,60347.38037125751,False,1178,1185,0,0,0,0,0,0,1.0,1002,966,0,662.7649572956547
T3_dislocation_dipole,K3,R2,P2,K3/R2/P2,856,110,42,0.009174311926605505,0.0021196317752096845,0.0008454821633986073,0.601118376650601,False,300,2.656234526205982e-16,2.126517697355407,0.25482589626027236,0.6038290145251779,False,788,41,0,1,198,0,0,0,0.0,193,12,0,11.406663618073786
T3_dislocation_dipole,K3,R2,P3,K3/R2/P3,856,110,42,0.009174311926605505,0.05294772193725127,0.05199613749483831,0.017972150785650332,False,300,2.656234526205982e-16,7.482625515208753,0.311400844782423,0.30705999965599956,False,1586,1576,0,0,0,0,0,0,1.0,1232,1083,0,-0.3467226966252464
T3_dislocation_dipole,K3,R2,P4,K3/R2/P4,856,110,42,0.009174311926605505,0.05294772193725127,0.05199613749483831,0.017972150785650332,False,300,2.656234526205982e-16,7.482625515208753,0.311400844782423,0.30705999965599956,False,1586,1576,0,0,0,0,0,0,1.0,1232,1083,0,-0.346268904875149
T3_dislocation_dipole,K4,R2,P1,K4/R2/P1,856,110,42,0.009174311926605505,459305362648.3008,7.876499751527713e+25,-171487215087424.5,False,200,0.0,32158.53151076392,0.08863342957068467,2398.294604406517,False,1885,1055,0,0,0,0,0,0,1.0,1084,838,0,19.993191624885892
T3_dislocation_dipole,K4,R2,P2,K4/R2/P2,856,110,42,0.009174311926605505,0.0007699311895087278,0.0006471659249480116,0.15944965762336416,False,300,0.0,0.5956841087257498,0.016896167605731503,0.20867697104792252,False,0,627,0,0,0,0,0,0,1.0,0,402,0,nan
T3_dislocation_dipole,K4,R2,P3,K4/R2/P3,856,110,42,0.009174311926605505,0.0659885183206227,0.05697645709743728,0.13657014057199973,False,300,0.0,21.56819491124059,0.08863342957068465,0.4820632591497076,False,1296,1627,0,0,0,0,0,0,1.0,827,900,0,-0.3409888961707261
T3_dislocation_dipole,K4,R2,P4,K4/R2/P4,856,110,42,0.009174311926605505,0.0832607997169834,0.07625592889797171,0.08413167832668374,False,300,0.0,19.057654582199007,0.12628118844292066,0.4705588583484383,False,1297,1760,0,0,0,0,0,0,1.0,824,918,0,-0.2770198371821539
T3_dislocation_dipole,K3,R1,P2,K3/R1/P2,856,110,42,0.009174311926605505,0.0012778283298477992,0.0006404194910203545,0.4988219653131073,False,300,2.656234526205982e-16,1.8713271131971638,0.10634782926343246,0.48578370012385746,True,876,158,0,0,0,0,0,0,1.0,772,81,0,8.39755981085272
T3_dislocation_dipole,K3,R3,P2,K3/R3/P2,856,110,42,0.009174311926605505,1.628172527841054,1.628165888521475,4.077773986156474e-06,True,200,2.656234526205982e-16,0.3811803194783914,0.6406210374745843,0.004122340588094087,False,0,0,0,0,0,0,0,0,1.0,0,0,0,-0.3449735868097269
T4_low_angle_gb,K1,R2,P1,K1/R2/P1,862,110,42,0.009174311926605505,505005177206.2145,2.3629810503375925e+26,-467912242684332.8,False,200,0.0,45503.89565370322,0.005750614578077762,1990.9740188924357,False,1780,938,0,0,0,0,0,0,1.0,954,743,0,-0.9113363783510998
T4_low_angle_gb,K1,R2,P2,K1/R2/P2,862,110,42,0.009174311926605505,0.014614533135638614,0.004552776669819633,0.6884760787385434,False,300,0.0,22.47269201378102,0.009527387983762568,0.5357900488621263,False,822,979,0,0,0,0,0,0,1.0,714,771,0,-0.9392040204375942
T4_low_angle_gb,K1,R2,P3,K1/R2/P3,862,110,42,0.009174311926605505,0.05759881499372408,0.0539985854574327,0.06250527092759914,False,300,0.0,14.333293243582537,0.0057506145780777665,0.34179451865405486,False,1580,1674,0,0,0,0,0,0,1.0,919,954,0,-0.3454645762393391
T4_low_angle_gb,K1,R2,P4,K1/R2/P4,862,110,42,0.009174311926605505,0.06742286816019612,0.06557204023851265,0.02745104105161938,False,300,0.0,11.372597289156717,0.05961002022253007,0.2903569243605711,False,1579,1782,0,0,0,0,0,0,1.0,918,936,0,-0.6143293226631195
T4_low_angle_gb,K2,R2,P1,K2/R2/P1,862,110,42,0.009174311926605505,1712837814074.0366,2.7409433060324065e+30,-1.6002351673407944e+18,False,200,0.0,142059.87269227847,0.26720081647702953,25989.76134381393,False,1163,1196,0,0,0,0,0,0,1.0,999,984,0,0.2012259355051979
T4_low_angle_gb,K2,R2,P2,K2/R2/P2,862,110,42,0.009174311926605505,539.9704041336801,16552027.349324614,-30652.582534547284,False,200,0.0,206.0689556143038,0.3934858795736939,8.413025689131452,False,730,753,0,0,0,0,0,0,1.0,640,615,0,19275112814.845207
T4_low_angle_gb,K2,R2,P3,K2/R2/P3,862,110,42,0.009174311926605505,0.06293403187471082,0.052962304840263694,0.1584472937360641,False,300,0.0,24.79507375031654,0.2672008164770296,0.6300299675147636,False,922,1448,0,0,0,0,0,0,1.0,809,1127,0,-0.3418804415921554
T4_low_angle_gb,K2,R2,P4,K2/R2/P4,862,110,42,0.009174311926605505,0.07477802717451298,0.06657327274027611,0.10972146156101521,False,300,0.0,21.442198611114517,0.38252941135785606,0.5985726791957514,False,919,1519,0,0,0,0,0,0,1.0,807,1092,0,-0.2872802557514027
T4_low_angle_gb,K3,R2,P1,K3/R2/P1,862,110,42,0.009174311926605505,2405545134284.58,9.639038121981931e+32,-4.007007802349393e+20,False,200,0.0,146448.66091689692,0.29214384102943525,45916.85724990253,False,1150,1196,0,0,0,0,0,0,1.0,976,975,0,58.101998416701306
T4_low_angle_gb,K3,R2,P2,K3/R2/P2,862,110,42,0.009174311926605505,42.43976894516114,22.544933522155684,0.46877812762630056,False,200,0.0,197.11334317592522,0.32374441953260774,0.8907524942825523,False,741,742,0,0,0,0,0,0,1.0,650,620,0,330824.9104803272
T4_low_angle_gb,K3,R2,P3,K3/R2/P3,862,110,42,0.009174311926605505,0.05336471416246797,0.052065037522167984,0.024354606985116472,False,300,0.0,8.79669872052498,0.2921438410294353,0.3438560192932032,False,1454,1617,0,0,0,0,0,0,1.0,1084,1026,0,-0.34585703955483715
T4_low_angle_gb,K3,R2,P4,K3/R2/P4,862,110,42,0.009174311926605505,0.05336471416246797,0.052065037522167984,0.024354606985116472,False,300,0.0,8.79669872052498,0.2921438410294353,0.3438560192932032,False,1454,1617,0,0,0,0,0,0,1.0,1084,1026,0,-0.345402646485767
T4_low_angle_gb,K4,R2,P1,K4/R2/P1,862,110,42,0.009174311926605505,573900941808.8889,4.2466189698692053e+30,-7.399567870518227e+18,False,200,2.6377456547938753e-16,32039.10907112414,0.21669437659993845,11796.506157825164,False,1875,1078,0,0,0,0,0,0,1.0,938,885,0,1131848.0269113302
T4_low_angle_gb,K4,R2,P2,K4/R2/P2,862,110,42,0.009174311926605505,0.024663165911255013,0.007619048798840854,0.6910757999903042,False,300,2.6377456547938753e-16,21.322924390744053,0.1812686532266248,0.6152707439670989,False,745,787,0,0,0,0,0,0,1.0,574,494,0,nan
T4_low_angle_gb,K4,R2,P3,K4/R2/P3,862,110,42,0.009174311926605505,0.05250277782111857,0.05208380751440051,0.007979964567694415,False,300,2.6377456547938753e-16,3.9662465233838335,0.21669437659993843,0.183043963658389,False,1850,1900,0,0,0,0,0,0,1.0,941,1009,0,-0.39757911898596543
T4_low_angle_gb,K4,R2,P4,K4/R2/P4,862,110,42,0.009174311926605505,0.05250277782111857,0.05208380751440051,0.007979964567694415,False,300,2.6377456547938753e-16,3.9662465233838335,0.21669437659993843,0.183043963658389,False,1850,1900,0,0,0,0,0,0,1.0,941,1009,0,-0.5061949912469532
T4_low_angle_gb,K3,R1,P2,K3/R1/P2,862,110,42,0.009174311926605505,43.186407428925165,23.657699884979625,0.4521956955110303,False,200,0.0,198.13137659344537,0.3237074913083679,0.8951909743065335,True,742,744,0,0,0,0,0,0,1.0,651,621,0,347153.72088783345
T4_low_angle_gb,K3,R3,P2,K3/R3/P2,862,110,42,0.009174311926605505,1.6303204746190354,1.6303168236366843,2.2394261790548855e-06,True,200,0.0,0.2756145501565737,0.6484010712995626,0.0030283666250441725,False,0,0,0,0,0,0,0,0,1.0,0,0,0,-0.34410824543176693
T5_high_angle_gb,K1,R2,P1,K1/R2/P1,861,110,42,0.009174311926605505,485484788686.9393,1.3805635150926006e+26,-284368027024393.6,False,200,1.3204046192986763e-16,40912.31281842572,0.011277625873792517,1784.6061469829165,False,1828,879,0,0,0,0,0,0,1.0,1008,700,0,-0.9481985853644666
T5_high_angle_gb,K1,R2,P2,K1/R2/P2,861,110,42,0.009174311926605505,0.013302666069774451,0.003934671050198208,0.7042193625277613,False,300,1.3204046192986763e-16,20.875805680422463,0.01409223140584914,0.5417554717619115,False,780,949,0,0,0,0,0,0,1.0,683,750,0,-0.9474579584941256
T5_high_angle_gb,K1,R2,P3,K1/R2/P3,861,110,42,0.009174311926605505,0.05794583395361213,0.05401131603236675,0.06789992744595082,False,300,1.3204046192986763e-16,14.26447391639268,0.01127762587379252,0.3519610667052784,False,1591,1704,0,0,0,0,0,0,1.0,935,987,0,-0.3453102645626796
T5_high_angle_gb,K1,R2,P4,K1/R2/P4,861,110,42,0.009174311926605505,0.06766316713782385,0.06575038167096993,0.02826922752459611,False,300,1.3204046192986763e-16,11.119248315862293,0.06791131849783005,0.29682538161410416,False,1591,1830,0,0,0,0,0,0,1.0,935,1007,0,-0.6132803838043795
T5_high_angle_gb,K2,R2,P1,K2/R2/P1,861,110,42,0.009174311926605505,1676025898949.4426,2.2602564968542074e+30,-1.3485808890369587e+18,False,200,0.0,143461.2140354898,0.26173889899991304,24969.799898335692,False,1144,1352,0,0,0,0,0,0,1.0,927,880,0,-0.00943637946107302
T5_high_angle_gb,K2,R2,P2,K2/R2/P2,861,110,42,0.009174311926605505,82972.79808507783,93375529694214.39,-1125375204.479631,False,200,0.0,206.70274726003993,0.42333249785408766,179.9202082550734,False,760,801,0,0,0,0,0,0,1.0,668,660,0,1.087373667956588e+17
T5_high_angle_gb,K2,R2,P3,K2/R2/P3,861,110,42,0.009174311926605505,0.0645055949911548,0.05304640494973766,0.17764645133477885,False,300,0.0,26.96938445506109,0.26173889899991304,0.6481041393462541,False,945,1502,0,0,0,0,0,0,1.0,811,949,0,-0.34083539781855093
T5_high_angle_gb,K2,R2,P4,K2/R2/P4,861,110,42,0.009174311926605505,0.0791879293391286,0.07005148159604782,0.11537677294165907,False,300,0.0,23.025539957460786,0.3892057068164533,0.6102890164644196,False,944,1586,0,0,0,0,0,0,1.0,811,913,0,-0.25004326823240003
T5_high_angle_gb,K3,R2,P1,K3/R2/P1,861,110,42,0.009174311926605505,2269478796057.06,8.415352620099938e+32,-3.7080551863804926e+20,False,200,0.0,146030.25398646205,0.29330794854978814,43113.3810164319,False,1154,1281,0,0,0,0,0,0,1.0,901,924,0,50.59894077967026
T5_high_angle_gb,K3,R2,P2,K3/R2/P2,861,110,42,0.009174311926605505,145.37959929674653,214099.45074018775,-1471.692535788129,False,200,0.0,184.06838500037807,0.3249634151218498,3.900394985459701,False,752,771,0,0,0,0,0,0,1.0,665,660,0,3141710115.592441
T5_high_angle_gb,K3,R2,P3,K3/R2/P3,861,110,42,0.009174311926605505,0.05335750529994426,0.052058891712686746,0.02433797419795925,False,300,0.0,8.877235608484225,0.2933079485497881,0.3450865339923084,False,1468,1678,0,0,0,0,0,0,1.0,909,928,0,-0.3459342552488944
T5_high_angle_gb,K3,R2,P4,K3/R2/P4,861,110,42,0.009174311926605505,0.05335750529994426,0.052058891712686746,0.02433797419795925,False,300,0.0,8.877235608484225,0.2933079485497881,0.3450865339923084,False,1468,1678,0,0,0,0,0,0,1.0,909,928,0,-0.3454799158168399
T5_high_angle_gb,K4,R2,P1,K4/R2/P1,861,110,42,0.009174311926605505,476527514706.2857,1.0014661394029481e+30,-2.10159142651021e+18,False,200,0.0,26340.34937069434,0.1599199127162035,6333.480014097216,False,1967,1045,0,0,0,0,0,0,1.0,1055,841,0,266919.2213361716
T5_high_angle_gb,K4,R2,P2,K4/R2/P2,861,110,42,0.009174311926605505,0.016081137254665204,0.0062311084943294055,0.6125206572363695,False,300,0.0,19.27202953575802,0.12966516794243432,0.5665106031784641,False,821,841,0,0,0,0,0,0,1.0,611,525,0,nan
T5_high_angle_gb,K4,R2,P3,K4/R2/P3,861,110,42,0.009174311926605505,0.052326036404437525,0.05206812640790728,0.0049289037399434235,False,300,0.0,3.381167865553,0.1599199127162035,0.13647749418078203,False,1919,1979,0,0,0,0,0,0,1.0,1050,1141,0,-0.39776049255367774
T5_high_angle_gb,K4,R2,P4,K4/R2/P4,861,110,42,0.009174311926605505,0.052326036404437525,0.05206812640790728,0.0049289037399434235,False,300,0.0,3.381167865553,0.1599199127162035,0.13647749418078203,False,1919,1979,0,0,0,0,0,0,1.0,1050,1141,0,-0.5063436633448409
T5_high_angle_gb,K3,R1,P2,K3/R1/P2,861,110,42,0.009174311926605505,147.64940787142908,224866.01359280816,-1521.9726744899524,False,200,0.0,185.22526865092274,0.3252771944050548,3.9149859957062647,True,754,771,0,0,0,0,0,0,1.0,666,659,0,3299699401.964098
T5_high_angle_gb,K3,R3,P2,K3/R3/P2,861,110,42,0.009174311926605505,1.6306911404576954,1.6306877860880513,2.0570232834570194e-06,True,200,0.0,0.2696307246311648,0.684644927359041,0.0029094236319921044,False,0,0,0,0,0,0,0,0,1.0,0,0,0,-0.34395900375703325
